critical_ratio,staff_ratio,bed_occupancy_rate,mortality_flag,resource_failure,triage_wait_time,nurses_absent,icu_transfers,patient_complaints
0.046875,0.0625,73.97987726295555,False,0,20,2,3,1
0.04065040650406504,0.12195121951219512,79.54864778242991,True,0,21,1,1,1
0.056338028169014086,0.2112676056338028,47.28072850495105,False,0,14,0,1,1
0.10984848484848485,0.01893939393939394,95.14234438413612,True,1,41,7,9,5
0.0,0.2830188679245283,60.20993370291153,False,0,13,1,1,0
0.027522935779816515,0.14678899082568808,40.85971302788046,False,0,5,1,1,1
0.0718232044198895,0.06077348066298342,88.51550491729986,False,1,29,3,6,4
0.07731958762886598,0.05670103092783505,87.81251390038736,True,1,34,4,7,4
0.07238605898123325,0.00804289544235925,98.0219698075404,True,1,58,4,5,8
0.017857142857142856,0.125,57.78354881871625,False,0,7,0,0,0
0.03333333333333333,0.2,55.58245317068895,False,0,6,0,0,1
0.043478260869565216,0.07453416149068323,74.5633620703282,True,0,14,2,3,2
0.09239130434782608,0.059782608695652176,80.60650384307647,True,0,38,4,3,3
0.03626943005181347,0.07253886010362694,76.33326707814572,False,0,20,1,3,2
0.06802721088435375,0.02040816326530612,92.18440437216833,True,1,62,7,5,5
0.0,0.19736842105263158,61.51826458140859,False,0,11,0,1,1
0.043478260869565216,0.062111801242236024,69.04118500697783,False,0,17,1,1,1
0.028037383177570093,0.14018691588785046,57.40760682099471,False,0,7,1,0,0
0.0,0.12037037037037036,50.27592533295578,False,0,11,1,0,1
0.04040404040404041,0.017676767676767676,94.47783164573092,True,1,45,7,7,5
0.059113300492610835,0.04433497536945813,89.50294566141342,True,1,25,3,7,5
0.0379746835443038,0.0759493670886076,72.68139587448921,False,0,13,2,1,1
0.028985507246376812,0.07246376811594203,70.11599526575388,False,1,23,1,2,3
0.015384615384615385,0.2923076923076923,52.91589728177536,False,0,5,0,1,0
0.06557377049180328,0.26229508196721313,55.827536431831696,False,0,13,1,0,0
0.03861003861003861,0.03474903474903475,91.69813318786436,True,0,25,3,6,4
0.05405405405405406,0.17567567567567569,47.63409650860984,False,0,6,1,1,0
0.05,0.02727272727272727,87.40840572775151,False,1,22,2,3,3
0.03164556962025317,0.0949367088607595,68.75692727908377,False,1,12,1,2,3
0.06666666666666667,0.08333333333333333,75.0338608949465,True,0,12,2,3,1
0.03225806451612903,0.1827956989247312,46.98900854491897,False,0,10,0,0,1
0.0547945205479452,0.1643835616438356,64.16637047609174,False,0,7,1,1,0
0.0,0.2345679012345679,44.23731866715231,False,0,13,0,1,0
0.06097560975609756,0.044715447154471545,89.22510840048754,True,0,21,3,4,3
0.06914893617021277,0.05319148936170213,92.1404173321777,True,1,26,3,3,3
0.05263157894736842,0.24561403508771928,40.69041929684262,False,0,6,0,1,1
0.02702702702702703,0.05405405405405406,73.13966952061365,False,0,15,2,1,2
0.05150214592274678,0.02575107296137339,84.07314373729614,True,1,39,2,5,5
0.06153846153846154,0.2,57.8648776044988,False,0,7,1,0,1
0.009345794392523364,0.14953271028037382,64.06621036694813,False,0,11,1,0,0
0.09444444444444444,0.03888888888888889,86.63528344596656,False,0,32,2,7,3
0.05345911949685535,0.018867924528301886,93.55972678651261,True,1,48,5,8,9
0.02702702702702703,0.14414414414414414,40.42902754579376,False,0,14,1,1,0
0.06060606060606061,0.11363636363636363,70.9775710159606,False,0,11,1,3,2
0.01910828025477707,0.08917197452229299,67.44401640622145,False,0,10,1,3,2
0.022727272727272728,0.10606060606060606,77.30959213615932,False,1,17,1,2,3
0.04838709677419355,0.2903225806451613,40.455545641288744,False,0,7,1,1,0
0.07017543859649122,0.22807017543859648,40.581798393395644,False,0,6,1,0,0
0.044585987261146494,0.07006369426751592,79.04972227783561,False,0,22,1,1,2
0.04065040650406504,0.08130081300813008,71.1892651536714,False,0,17,1,3,2
0.02702702702702703,0.12612612612612611,76.31814311127023,False,1,23,1,1,2
0.0,0.22058823529411764,63.96353742207996,False,0,7,1,1,0
0.019801980198019802,0.12871287128712872,42.08211027988149,False,0,9,0,0,1
0.0,0.17647058823529413,63.27322764218231,False,0,14,0,0,1
0.04807692307692308,0.1346153846153846,75.58747225818041,True,0,19,1,1,1
0.06666666666666667,0.03111111111111111,92.32790088935535,True,0,38,2,7,3
0.0532994923857868,0.007614213197969543,97.53378185258941,True,0,61,4,6,6
0.034482758620689655,0.13793103448275862,51.716516049853155,False,0,14,1,1,1
0.04929577464788732,0.02112676056338028,88.7505314764574,True,0,20,4,7,4
0.05357142857142857,0.049107142857142856,94.8944719417895,False,1,37,2,3,3
0.0380952380952381,0.047619047619047616,88.7647146788465,True,0,35,3,6,3
0.011764705882352941,0.2235294117647059,45.73486864262374,False,0,9,1,0,1
0.0583756345177665,0.007614213197969543,98.13795019706949,True,1,69,4,9,6
0.05357142857142857,0.05952380952380952,66.24122630052959,True,0,14,2,3,1
0.04060913705583756,0.04060913705583756,91.24367449964109,False,1,20,2,4,3
0.07,0.15,77.19351513695116,True,1,14,2,3,1
0.06719367588932806,0.03162055335968379,83.61627248494447,False,0,23,2,3,3
0.07042253521126761,0.03286384976525822,87.8046155135569,True,1,31,3,7,4
0.10130718954248366,0.02287581699346405,96.39361356974243,True,1,68,4,10,6
0.06976744186046512,0.09302325581395349,78.56238041740623,False,0,17,1,3,2
0.02,0.09333333333333334,67.20610221393557,True,0,21,1,1,2
0.04242424242424243,0.09090909090909091,73.69474901707608,False,0,16,1,3,3
0.05217391304347826,0.11304347826086956,71.17491821536292,True,0,11,2,1,2
0.05714285714285714,0.18571428571428572,48.69048036206709,False,0,10,1,0,1
0.01639344262295082,0.2786885245901639,43.2187099574911,False,0,14,1,0,0
0.0,0.17708333333333334,52.791425338681535,False,0,5,0,1,1
0.03424657534246575,0.03424657534246575,88.04885968980999,True,1,33,4,4,3
0.018518518518518517,0.16666666666666666,62.38017094217999,False,0,6,0,1,1
0.02631578947368421,0.12280701754385964,65.3010679666659,False,0,19,2,2,1
0.06569343065693431,0.014598540145985401,96.48822840291577,True,1,56,6,6,5
0.02127659574468085,0.09929078014184398,78.49471095717519,False,0,20,2,1,2
0.05303030303030303,0.11363636363636363,67.29288708776498,False,0,20,1,2,2
0.06896551724137931,0.029556650246305417,80.77453216811769,False,1,25,4,4,5
0.08093994778067885,0.013054830287206266,99.29375989127585,True,1,39,5,10,6
0.04411764705882353,0.17647058823529413,46.060243310377004,False,0,5,1,1,1
0.023255813953488372,0.20930232558139536,48.016054803987856,False,0,7,1,0,1
0.06779661016949153,0.3050847457627119,64.74900580974864,False,0,12,1,1,1
0.0,0.21212121212121213,51.78940471375396,False,0,11,0,0,1
0.025423728813559324,0.1271186440677966,43.107430587138616,False,0,12,1,0,0
0.0,0.2261904761904762,54.3618278294978,False,0,12,1,0,0
0.04184100418410042,0.04184100418410042,92.21862080347073,True,0,32,2,4,3
0.055776892430278883,0.043824701195219126,89.36152316272756,True,0,36,4,3,5
0.03954802259887006,0.06779661016949153,66.75347061062546,True,0,17,1,2,3
0.12056737588652482,0.01773049645390071,99.97692615923843,True,1,61,7,11,5
0.008695652173913044,0.1391304347826087,58.86588229650292,False,0,10,0,1,0
0.039603960396039604,0.18811881188118812,52.1589370498902,False,0,8,0,1,0
0.0364963503649635,0.029197080291970802,83.7769858836043,False,1,25,3,4,4
0.037037037037037035,0.07936507936507936,74.17181353151972,False,1,21,2,1,1
0.028070175438596492,0.031578947368421054,89.10072569574284,False,1,30,4,3,4
0.0,0.1411764705882353,47.78610660114103,False,0,7,0,1,0
0.040697674418604654,0.05813953488372093,77.04280172897018,False,0,24,2,1,2
0.055408970976253295,0.010554089709762533,97.37501248109749,True,1,58,6,5,8
0.016042780748663103,0.053475935828877004,73.70882525417065,False,0,14,1,1,3
0.08757062146892655,0.01694915254237288,98.60632017890734,True,1,41,5,5,9
0.03333333333333333,0.08,68.07709460723011,False,0,23,2,3,2
0.010416666666666666,0.13541666666666666,51.019068673455706,False,0,6,1,1,1
0.04371584699453552,0.0546448087431694,94.19173193200449,False,1,20,4,6,4
0.058365758754863814,0.011673151750972763,92.53888564043304,True,1,42,6,10,5
0.04065040650406504,0.024390243902439025,90.8121964446576,True,1,33,4,5,3
0.015873015873015872,0.2857142857142857,42.137713271361704,False,0,11,1,0,0
0.04411764705882353,0.23529411764705882,57.598653378462735,False,0,5,1,0,0
0.0392156862745098,0.35294117647058826,46.701591020571904,False,0,9,0,0,1
0.047872340425531915,0.05319148936170213,94.22679960443236,True,1,33,4,3,4
0.0,0.30158730158730157,55.83695549565368,False,0,11,1,0,1
0.038834951456310676,0.10679611650485436,67.57518928772456,False,0,11,1,1,2
0.029197080291970802,0.072992700729927,74.77130582527796,True,0,19,1,2,1
0.025,0.2375,55.01292151084134,False,0,13,1,0,0
0.034482758620689655,0.1206896551724138,76.56367065596406,False,0,15,2,3,1
0.023529411764705882,0.15294117647058825,49.73239035104942,False,0,12,0,0,1
0.0763888888888889,0.017361111111111112,94.760504021991,True,1,39,5,5,6
0.028985507246376812,0.2028985507246377,41.28564533710626,False,0,6,1,0,1
0.01744186046511628,0.05813953488372093,72.43236974309298,False,0,16,1,3,3
0.021505376344086023,0.1827956989247312,54.75576667172717,False,0,7,1,0,1
0.03508771929824561,0.03070175438596491,86.69008659436933,False,1,27,2,7,3
0.04377104377104377,0.020202020202020204,87.34137445464711,False,1,34,3,4,5
0.07636363636363637,0.025454545454545455,92.97349007372551,True,1,57,6,9,6
0.04745762711864407,0.02711864406779661,87.83651864106753,True,0,31,3,6,3
0.023255813953488372,0.22093023255813954,58.11916928821904,False,0,11,1,0,1
0.041666666666666664,0.052083333333333336,74.38837064655513,True,0,23,1,2,3
0.06015037593984962,0.09022556390977443,67.78209364365084,False,1,20,1,3,2
0.018633540372670808,0.08695652173913043,72.19813430455864,False,1,24,2,1,2
0.0,0.3148148148148148,42.761852828284866,False,0,12,0,1,1
0.036036036036036036,0.10810810810810811,40.446848368335345,False,0,13,1,0,0
0.03592814371257485,0.0718562874251497,76.96983983215075,False,0,16,2,3,2
0.043478260869565216,0.06832298136645963,76.15029234340436,False,0,22,1,3,2
0.028901734104046242,0.06358381502890173,68.30729313605264,False,0,15,1,1,1
0.016129032258064516,0.053763440860215055,73.95911108645511,False,0,12,1,2,2
0.03745318352059925,0.0299625468164794,89.34406074402678,True,1,24,3,4,5
0.07278481012658228,0.015822784810126583,98.52193533347008,True,0,59,4,9,7
0.022988505747126436,0.1839080459770115,52.396893376969274,False,0,10,1,0,1
0.05194805194805195,0.2077922077922078,41.53792565598088,False,0,7,0,1,0
0.02247191011235955,0.1797752808988764,58.347747973842544,False,0,12,0,0,1
0.057971014492753624,0.036231884057971016,83.58035046951527,True,1,26,4,7,5
0.08571428571428572,0.014285714285714285,93.35118854259142,True,1,36,7,10,9
0.028985507246376812,0.10144927536231885,69.8965036475494,False,0,11,2,1,3
0.012658227848101266,0.1518987341772152,61.00303756853047,False,0,9,1,0,1
0.05217391304347826,0.011594202898550725,93.00963566946817,True,1,44,7,10,5
0.04040404040404041,0.15151515151515152,56.18934108504769,False,0,8,1,0,1
0.0,0.2833333333333333,52.21607976011664,False,0,7,0,0,1
0.010526315789473684,0.16842105263157894,50.65453255589932,False,0,13,1,0,0
0.052884615384615384,0.03365384615384615,90.2074895311207,True,1,31,4,6,3
0.09714285714285714,0.014285714285714285,94.4229876238091,True,0,49,4,6,9
0.04054054054054054,0.17567567567567569,51.78831150256282,False,0,12,0,1,1
0.0196078431372549,0.16666666666666666,59.02559977357497,False,0,7,1,0,1
0.0410958904109589,0.1780821917808219,44.63647186691636,False,0,13,0,1,1
0.03278688524590164,0.0546448087431694,68.38310213665603,False,0,14,2,1,2
0.042105263157894736,0.05263157894736842,90.20684939538988,False,1,30,3,7,3
0.06552706552706553,0.014245014245014245,97.49161639101283,True,0,66,5,11,8
0.05928853754940711,0.02766798418972332,87.76567465077068,False,0,39,2,4,4
0.011494252873563218,0.19540229885057472,60.01466747772707,False,0,6,1,1,0
0.0353356890459364,0.028268551236749116,88.92164956065405,True,0,31,3,4,4
0.04827586206896552,0.027586206896551724,92.2594665494374,False,0,29,3,5,4
0.06557377049180328,0.19672131147540983,55.39355054855607,False,0,7,0,0,1
0.07017543859649122,0.3157894736842105,56.4676943875219,False,0,7,0,1,1
0.056338028169014086,0.2676056338028169,64.36982905366958,False,0,7,1,1,1
0.04375,0.09375,68.05367420513365,True,0,14,1,3,2
0.06030150753768844,0.04522613065326633,94.81474345604087,False,1,23,3,4,3
0.020100502512562814,0.05527638190954774,71.32581390310183,False,0,15,2,1,3
0.050359712230215826,0.07194244604316546,76.64000310553143,False,0,19,1,2,2
0.051470588235294115,0.11029411764705882,71.5574808322524,False,0,23,1,3,1
0.04609929078014184,0.02127659574468085,84.68222085044671,False,1,20,4,6,3
0.025,0.1625,51.05060934457144,False,0,14,0,0,1
0.028169014084507043,0.035211267605633804,94.2287503227715,False,0,30,4,7,5
0.037037037037037035,0.027777777777777776,93.02406920769889,False,0,21,4,3,5
0.05333333333333334,0.16,45.617529424317,False,0,9,0,0,0
0.03,0.13,64.66575307397117,False,0,12,1,0,0
0.04040404040404041,0.12121212121212122,51.368496390846474,False,0,6,0,0,1
0.06557377049180328,0.11475409836065574,75.57021144104971,False,0,11,2,1,1
0.0625,0.04807692307692308,82.65724684171079,True,1,29,4,4,4
0.08411214953271028,0.09345794392523364,66.69664728614859,True,1,10,2,3,3
0.05172413793103448,0.02586206896551724,85.22860500862956,False,0,20,3,3,3
0.08385093167701864,0.009316770186335404,98.78515561301347,True,1,53,6,10,6
0.04929577464788732,0.028169014084507043,92.26751324262533,False,0,34,2,3,4
0.041666666666666664,0.10833333333333334,71.73040433933797,False,0,21,1,2,2
0.04678362573099415,0.08771929824561403,76.39016491884298,False,0,17,2,2,2
0.07279693486590039,0.01532567049808429,95.80172369227333,True,1,57,7,10,6
0.05405405405405406,0.036036036036036036,93.45071434760183,False,1,38,4,6,3
0.03389830508474576,0.1271186440677966,74.26027636119461,False,0,22,1,3,3
0.05925925925925926,0.08148148148148149,69.08936001100301,False,0,20,2,3,3
0.09375,0.010416666666666666,91.8522844654741,True,1,41,5,10,5
0.027777777777777776,0.08333333333333333,74.02417730219497,True,1,18,1,2,1
0.0213903743315508,0.053475935828877004,78.58836657181641,True,0,20,1,1,2
0.05017921146953405,0.025089605734767026,81.43302970752002,True,0,34,2,3,5
0.08423913043478261,0.019021739130434784,92.3024616842787,True,1,43,6,10,9
0.03225806451612903,0.0967741935483871,75.42716831071391,False,0,16,1,1,1
0.0410958904109589,0.2328767123287671,55.08048525533431,False,0,10,0,1,1
0.047058823529411764,0.1411764705882353,44.79668311796857,False,0,12,1,0,0
0.03418803418803419,0.10256410256410256,41.69031408980537,False,0,9,1,1,0
0.07476635514018691,0.102803738317757,72.99436679827002,False,0,15,1,2,3
0.027777777777777776,0.06111111111111111,71.97808418425578,False,0,13,1,1,1
0.02054794520547945,0.07534246575342465,71.34033670094284,True,0,21,2,3,2
0.05555555555555555,0.35185185185185186,53.498928257013986,False,0,13,1,1,0
0.014084507042253521,0.2676056338028169,61.617154800838506,False,0,9,0,1,1
0.039711191335740074,0.021660649819494584,83.94668854866265,False,1,28,4,3,5
0.058091286307053944,0.029045643153526972,87.73519141544747,True,1,24,3,6,4
0.02702702702702703,0.10135135135135136,74.41925079158953,False,0,23,2,2,3
0.06926406926406926,0.04329004329004329,82.60286772479763,True,1,29,4,3,4
0.0,0.14563106796116504,52.17654797047339,False,0,10,0,1,0
0.0,0.17777777777777778,43.04404777813187,False,0,9,0,1,1
0.03418803418803419,0.1282051282051282,64.1455540288305,False,0,8,1,1,0
0.07272727272727272,0.2545454545454545,55.06382909607162,False,0,11,1,0,0
0.012048192771084338,0.14457831325301204,52.11503967547162,False,0,6,1,0,0
0.05555555555555555,0.031746031746031744,82.13374053030795,False,0,35,2,6,3
0.02158273381294964,0.10071942446043165,68.31203944678458,False,0,15,1,3,2
0.03571428571428571,0.125,53.137615549216,False,0,10,0,1,0
0.045283018867924525,0.04150943396226415,86.24230997269642,False,0,29,4,4,5
0.0625,0.09821428571428571,74.43948209016105,False,0,13,2,1,3
0.06666666666666667,0.25,42.45206451960611,False,0,14,1,1,1
0.0886426592797784,0.013850415512465374,96.14081311184736,True,1,47,4,5,5
0.0,0.20689655172413793,50.9400781013848,False,0,5,1,1,1
0.03669724770642202,0.13761467889908258,52.38630258652454,False,0,12,0,0,1
0.016853932584269662,0.07303370786516854,72.77612032917806,False,0,10,1,3,1
0.0,0.17391304347826086,41.78141819413146,False,0,12,0,0,0
0.05732484076433121,0.09554140127388536,70.24554844618774,True,0,21,2,3,3
0.07692307692307693,0.14423076923076922,66.03069248777402,False,0,21,2,1,3
0.05653710247349823,0.02120141342756184,90.01025597069642,False,0,28,3,3,3
0.055900621118012424,0.06832298136645963,76.98071287481862,False,1,15,2,1,1
0.04071246819338423,0.01272264631043257,93.38267505994499,True,1,59,5,7,8
0.049586776859504134,0.12396694214876033,66.82252064451377,False,1,17,2,1,3
0.05128205128205128,0.02197802197802198,88.16024868774127,True,1,33,2,6,5
0.028169014084507043,0.16901408450704225,53.48890551238763,False,0,6,1,1,0
0.03896103896103896,0.03463203463203463,92.610545420168,True,0,22,4,5,5
0.07339449541284404,0.045871559633027525,82.4127226093662,True,1,22,4,3,5
0.025380710659898477,0.050761421319796954,76.13522075858764,True,0,11,2,1,1
0.05925925925925926,0.08148148148148149,77.59945970423274,True,0,18,2,2,1
0.028735632183908046,0.08620689655172414,72.53075320232671,False,0,13,2,2,2
0.058823529411764705,0.10294117647058823,75.4342721974521,False,0,13,2,1,1
0.07547169811320754,0.32075471698113206,41.62133986207421,False,0,14,0,0,1
0.032520325203252036,0.12195121951219512,74.03218466078721,False,0,24,2,2,3
0.012658227848101266,0.21518987341772153,59.71537411681016,False,0,7,0,1,0
0.0,0.17307692307692307,42.21501074199043,False,0,8,0,0,0
0.07079646017699115,0.03982300884955752,89.63847799302788,False,1,34,3,6,5
0.04460966542750929,0.022304832713754646,94.69470072550826,False,1,32,2,3,5
0.014705882352941176,0.20588235294117646,45.63853324814332,False,0,9,1,0,1
0.04081632653061224,0.1326530612244898,52.07422180213388,False,0,10,1,1,1
0.011363636363636364,0.1590909090909091,59.505326585752556,False,0,8,0,1,0
0.027522935779816515,0.13761467889908258,58.784377150726144,False,0,12,0,0,1
0.0410958904109589,0.1780821917808219,40.90719056533755,False,0,11,1,0,0
0.06504065040650407,0.01084010840108401,97.76710556955182,True,1,54,4,6,6
0.05,0.09166666666666666,76.57786589272432,False,0,17,1,3,3
0.06030150753768844,0.010050251256281407,97.87713015527709,True,1,55,7,6,9
0.04460966542750929,0.022304832713754646,84.63048115059793,True,1,20,4,4,3
0.0,0.23170731707317074,45.685237396534475,False,0,14,0,0,0
0.03508771929824561,0.03070175438596491,83.39220577384911,True,0,35,3,3,4
0.03076923076923077,0.24615384615384617,53.63579673517263,False,0,12,0,0,1
0.009259259259259259,0.12962962962962962,59.84974290920015,False,0,5,1,1,1
0.014492753623188406,0.2608695652173913,58.918787642215875,False,0,10,1,0,1
0.031746031746031744,0.25396825396825395,54.00455645937279,False,0,14,0,0,0
0.058823529411764705,0.09803921568627451,72.46718762051435,False,0,18,2,3,2
0.01694915254237288,0.11864406779661017,44.668082394326035,False,0,12,1,1,1
0.05581395348837209,0.046511627906976744,89.64011986508635,False,1,39,4,6,4
0.07692307692307693,0.2692307692307692,46.92261218444522,False,0,12,0,1,0
0.06542056074766354,0.12149532710280374,67.28156424833409,False,0,15,2,3,1
0.06222222222222222,0.02666666666666667,87.2803847473983,False,1,25,4,4,5
0.05825242718446602,0.02912621359223301,87.91099433184014,True,1,24,4,5,3
0.05172413793103448,0.29310344827586204,42.768711132973955,False,0,13,1,0,1
0.05574912891986063,0.03484320557491289,92.28882657307192,True,0,20,3,7,5
0.022222222222222223,0.2,58.72065842408266,False,0,13,1,0,1
0.0603448275862069,0.11206896551724138,77.65605989610086,False,0,22,1,2,2
0.0,0.19480519480519481,64.79356542919598,False,0,11,1,0,1
0.038834951456310676,0.0970873786407767,69.57966015045096,False,0,14,1,1,2
0.02867383512544803,0.021505376344086023,80.8864083511738,True,1,21,4,6,3
0.03731343283582089,0.11194029850746269,66.66080889989473,False,0,17,1,2,2
0.07518796992481203,0.007518796992481203,99.72776322892086,True,1,62,6,8,9
0.07371794871794872,0.016025641025641024,98.29394664858847,True,1,48,7,10,9
0.02158273381294964,0.1079136690647482,65.18606054415972,False,0,20,1,1,3
0.03333333333333333,0.15555555555555556,61.93098642905501,False,0,6,1,0,0
0.06428571428571428,0.1,76.91867418050285,False,0,23,2,2,1
0.03571428571428571,0.08333333333333333,72.32561943474408,True,0,18,1,3,1
0.03508771929824561,0.15789473684210525,42.05517659279454,False,0,10,0,1,1
0.035211267605633804,0.02464788732394366,82.55872867335636,True,1,38,2,6,5
0.047244094488188976,0.11811023622047244,72.31500602931897,False,1,11,2,3,3
0.06230529595015576,0.009345794392523364,93.61853093205139,True,1,42,5,7,8
0.04487179487179487,0.08974358974358974,74.33779543594618,False,0,13,1,1,1
0.05405405405405406,0.06756756756756757,77.49975607209518,True,0,16,2,1,1
0.024844720496894408,0.07453416149068323,78.97630579149225,False,0,18,2,1,1
0.0,0.20454545454545456,56.88550518867723,False,0,7,0,0,0
0.05102040816326531,0.02040816326530612,94.11021075265546,True,1,46,6,9,5
0.06028368794326241,0.03546099290780142,89.5460205527511,False,0,34,2,6,4
0.0,0.15384615384615385,49.22632554402291,False,0,7,1,0,1
0.030612244897959183,0.05612244897959184,70.32156937753976,True,0,18,1,2,2
0.10810810810810811,0.015444015444015444,99.13286947576236,True,1,54,6,10,7
0.04779411764705882,0.029411764705882353,82.13205685690187,False,0,20,3,7,5
0.0,0.16216216216216217,51.665194617430394,False,0,12,0,0,1
0.03862660944206009,0.03862660944206009,81.16421967097162,True,1,31,4,4,5
0.06293706293706294,0.06993006993006994,66.48310426460954,True,0,20,1,1,2
0.07075471698113207,0.0330188679245283,89.68610765143418,False,1,38,2,7,4
0.02617801047120419,0.06282722513089005,66.07567833271476,False,0,15,1,1,2
0.05531914893617021,0.02553191489361702,90.32411353670355,False,0,22,4,5,3
0.06349206349206349,0.11904761904761904,70.81980139920304,False,0,20,1,1,3
0.04964539007092199,0.07801418439716312,70.5559547941296,False,0,15,1,2,1
0.08895705521472393,0.018404907975460124,93.85511904736923,True,1,47,4,6,9
0.03759398496240601,0.03007518796992481,92.40222460694629,True,0,31,3,7,5
0.06,0.14,67.2578223749512,True,0,22,1,1,3
0.09348441926345609,0.019830028328611898,93.95137743264318,True,1,53,6,11,7
0.10384615384615385,0.023076923076923078,91.30652343823463,True,1,51,5,8,5
0.07662835249042145,0.011494252873563218,94.62675605065394,True,1,66,6,10,6
0.017241379310344827,0.08620689655172414,71.6183557048299,False,1,12,2,2,1
0.09969788519637462,0.01812688821752266,99.56047143611933,True,0,51,6,5,5
0.029411764705882353,0.20588235294117646,52.76081222510581,False,0,11,0,1,1
0.041666666666666664,0.0625,75.38798647305661,False,0,21,1,2,1
0.0,0.1619047619047619,64.76365081925334,False,0,6,0,1,1
0.056,0.032,85.12673607105143,True,0,27,2,7,3
0.046511627906976744,0.03255813953488372,81.32907070954519,False,0,25,4,5,5
0.05309734513274336,0.12389380530973451,75.46634414110144,False,0,15,1,2,1
0.06956521739130435,0.11304347826086956,66.09352753051856,False,0,21,2,2,3
0.043010752688172046,0.08064516129032258,78.59166503198746,False,0,10,1,1,1
0.06451612903225806,0.22580645161290322,50.403035701777306,False,0,13,0,1,0
0.08823529411764706,0.014705882352941176,96.24783862789403,True,1,48,7,6,8
0.029411764705882353,0.1568627450980392,59.38365376007839,False,0,6,0,1,0
0.012048192771084338,0.2289156626506024,58.043038817929485,False,0,13,1,1,0
0.013333333333333334,0.25333333333333335,57.6744121863929,False,0,11,1,1,1
0.06666666666666667,0.12380952380952381,66.24073192286531,True,1,20,1,3,1
0.04932735426008968,0.04035874439461883,93.37808217216102,False,1,31,3,5,3
0.0,0.19230769230769232,61.10621756014546,False,0,11,0,1,0
0.02857142857142857,0.22857142857142856,64.15118762821693,False,0,5,0,1,0
0.1259259259259259,0.018518518518518517,96.44149221475917,True,0,62,6,5,7
0.06837606837606838,0.10256410256410256,65.04321877498423,True,0,14,2,1,3
0.0851063829787234,0.05851063829787234,90.95744541438185,True,1,32,4,4,3
0.05357142857142857,0.23214285714285715,47.890683594083754,False,0,9,0,1,1
0.036585365853658534,0.08536585365853659,65.6451042780041,False,1,15,2,2,1
0.00980392156862745,0.16666666666666666,49.477351216798404,False,0,12,0,1,1
0.08808290155440414,0.04145077720207254,91.04300637591143,False,1,30,2,3,4
0.036585365853658534,0.07926829268292683,76.59382222814173,False,1,20,2,2,1
0.0,0.13541666666666666,46.63957082396515,False,0,9,0,0,0
0.05913978494623656,0.03225806451612903,88.55974435821402,True,0,23,3,5,3
0.028037383177570093,0.09345794392523364,71.86993638505358,False,0,12,2,1,1
0.07926829268292683,0.012195121951219513,99.57789800988203,True,1,66,7,8,6
0.04580152671755725,0.11450381679389313,68.07471814290224,True,0,18,1,2,1
0.044642857142857144,0.03571428571428571,92.16685654900206,True,1,30,2,3,3
0.08262108262108261,0.008547008547008548,90.62203226164702,True,0,45,5,10,5
0.10606060606060606,0.026515151515151516,92.74703815047891,True,1,44,5,10,9
0.0784313725490196,0.14705882352941177,72.22000064803497,True,0,10,1,3,1
0.030927835051546393,0.06701030927835051,66.63339970971559,False,0,17,2,3,2
0.02857142857142857,0.08,78.79081106859009,False,0,11,1,2,2
0.02564102564102564,0.20512820512820512,57.457778930689315,False,0,9,1,1,1
0.10505836575875487,0.01556420233463035,97.73089041697466,True,0,51,7,7,8
0.03783783783783784,0.08108108108108109,65.1815467516416,False,0,21,2,2,3
0.0213903743315508,0.06951871657754011,77.72063134402225,True,0,14,2,3,1
0.0625,0.09821428571428571,69.33327408363749,False,1,12,2,1,1
0.03424657534246575,0.030821917808219176,80.4892692251235,False,0,36,2,4,3
0.0196078431372549,0.12745098039215685,61.181791693046485,False,0,5,1,1,1
0.06575342465753424,0.0136986301369863,97.51772173039093,True,1,56,6,6,9
0.03418803418803419,0.1623931623931624,54.08311605082616,False,0,9,0,0,1
0.0707070707070707,0.03535353535353535,86.2917199093597,True,0,39,2,7,3
0.04411764705882353,0.25,49.108855960705796,False,0,14,0,0,0
0.05421686746987952,0.07228915662650602,65.71461886154759,True,0,17,2,2,3
0.060810810810810814,0.0945945945945946,69.35043790473358,True,0,14,2,2,1
0.03669724770642202,0.11009174311926606,45.014006276824574,False,0,11,1,1,0
0.038461538461538464,0.3269230769230769,44.77796773740007,False,0,10,0,0,0
0.05,0.1,74.14446517485354,True,1,20,1,3,2
0.03125,0.1875,58.85620649205202,False,0,9,1,1,0
0.03076923076923077,0.27692307692307694,58.845742514230466,False,0,6,0,0,1
0.03636363636363636,0.13636363636363635,70.42565382289371,True,0,20,1,1,1
0.0,0.12280701754385964,64.31049997600257,False,0,12,1,1,1
0.022727272727272728,0.19318181818181818,43.050762358046214,False,0,14,0,0,0
0.048484848484848485,0.015151515151515152,91.95240602956493,True,0,37,4,5,5
0.061946902654867256,0.02654867256637168,85.70776564804842,False,1,37,2,3,5
0.07009345794392523,0.0514018691588785,89.23867873515081,True,0,38,3,3,3
0.045180722891566265,0.02108433734939759,94.82264361252192,True,1,69,6,7,8
0.010869565217391304,0.13043478260869565,56.928810311441836,False,0,11,1,1,1
0.05084745762711865,0.046610169491525424,88.57618974715623,True,1,35,4,6,3
0.03289473684210526,0.09210526315789473,71.17483190685054,True,0,21,1,2,1
0.0,0.1574074074074074,50.81917198998157,False,0,7,1,1,0
0.03125,0.125,59.621545573972,False,0,11,0,0,0
0.058823529411764705,0.27941176470588236,46.94631940224281,False,0,6,1,0,1
0.06233766233766234,0.007792207792207792,99.70676545409744,True,1,39,5,6,6
0.033783783783783786,0.06756756756756757,66.11063326868522,False,0,12,2,2,2
0.06829268292682927,0.03902439024390244,93.88283311777822,False,1,38,2,6,5
0.05426356589147287,0.08527131782945736,79.47523054181708,False,0,10,2,2,1
0.0379746835443038,0.06962025316455696,67.61122512967144,False,0,14,1,3,3
0.05286343612334802,0.03524229074889868,89.37807154295663,False,1,32,3,6,5
0.023529411764705882,0.1411764705882353,49.97588294106087,False,0,14,1,1,1
0.0,0.14942528735632185,58.5706243726579,False,0,6,1,0,1
0.05392156862745098,0.049019607843137254,90.85171726775002,False,1,28,4,4,4
0.0639269406392694,0.0273972602739726,93.16205069981723,True,0,33,2,7,5
0.02247191011235955,0.1797752808988764,58.31833686965413,False,0,14,1,0,0
0.046632124352331605,0.05699481865284974,77.07635477743494,True,1,22,2,2,3
0.054878048780487805,0.07317073170731707,69.37243611385584,True,0,22,2,2,3
0.03773584905660377,0.06289308176100629,77.89735753086914,False,0,11,2,1,2
0.009174311926605505,0.1743119266055046,53.37563761497332,False,0,9,1,0,1
0.04938271604938271,0.07407407407407407,65.32869993162514,False,0,22,2,3,2
0.04,0.34,56.37934286310845,False,0,5,1,1,1
0.05128205128205128,0.15384615384615385,63.563282688002914,False,0,6,1,0,0
0.03802281368821293,0.030418250950570342,80.11946607118176,True,0,39,2,3,3
0.04938271604938271,0.18518518518518517,48.86062371982637,False,0,14,1,1,0
0.0,0.15454545454545454,60.72178190632397,False,0,11,0,1,0
0.09226190476190477,0.017857142857142856,94.6184348127511,True,1,43,6,9,9
0.061068702290076333,0.09923664122137404,72.34064673456005,False,0,14,1,2,1
0.06598984771573604,0.05583756345177665,85.17844930504958,False,1,29,2,6,5
0.025974025974025976,0.22077922077922077,41.44330398062793,False,0,10,0,0,0
0.025974025974025976,0.2077922077922078,50.394377588083046,False,0,5,0,0,0
0.0752212389380531,0.02654867256637168,87.5016912811494,False,1,35,2,7,3
0.04375,0.06875,68.09378170754229,False,1,16,1,2,1
0.09967845659163987,0.01607717041800643,96.73246439354531,True,1,66,4,6,8
0.07590759075907591,0.009900990099009901,98.21388362900694,True,1,41,4,10,9
0.0,0.1391304347826087,51.657743903504254,False,0,9,0,1,1
0.042735042735042736,0.09401709401709402,65.62978143364383,False,0,17,2,3,1
0.04833836858006042,0.021148036253776436,99.8921775395775,True,1,63,4,7,7
0.017699115044247787,0.1592920353982301,49.362009999200424,False,0,8,1,0,1
0.02531645569620253,0.16455696202531644,61.05813761874835,False,0,13,1,1,0
0.0625,0.025,88.75570381597046,True,1,39,2,3,5
0.05761316872427984,0.037037037037037035,85.20443989601837,False,0,22,2,7,4
0.07717041800643087,0.01929260450160772,94.14971215400078,True,1,36,5,10,8
0.042105263157894736,0.03684210526315789,82.00475872115777,False,1,36,3,3,5
0.04819277108433735,0.08433734939759036,72.93086628647653,True,0,23,1,1,3
0.03305785123966942,0.11570247933884298,77.32471899442658,False,1,17,1,2,1
0.07075471698113207,0.02830188679245283,83.89364673912574,False,1,24,2,6,4
0.08648648648648649,0.05945945945945946,87.71301560014008,True,1,37,4,4,5
0.05069124423963134,0.041474654377880185,94.00356625186473,True,0,22,4,7,3
0.037037037037037035,0.12962962962962962,54.15451728062677,False,0,9,1,0,1
0.0136986301369863,0.1643835616438356,47.72389975170382,False,0,11,1,0,1
0.025252525252525252,0.0707070707070707,71.03502432855998,False,0,22,1,3,3
0.04046242774566474,0.06936416184971098,68.43313193725248,False,1,23,1,2,3
0.030864197530864196,0.08641975308641975,71.64589043495631,False,1,19,1,2,1
0.03816793893129771,0.10687022900763359,70.43646983923743,True,0,20,2,1,1
0.0,0.1111111111111111,46.88220533629651,False,0,7,1,0,1
0.06147540983606557,0.036885245901639344,86.82757987600485,True,1,39,3,4,3
0.06338028169014084,0.09154929577464789,77.0421640223675,True,0,17,2,2,2
0.06031746031746032,0.009523809523809525,96.42577610323634,True,1,56,5,8,9
0.023255813953488372,0.10077519379844961,68.69429028215798,False,0,22,2,3,3
0.05825242718446602,0.02912621359223301,83.008294667679,False,1,27,4,7,4
0.029411764705882353,0.11764705882352941,61.31368553114926,False,0,7,0,1,0
0.068,0.028,87.03660816571369,False,0,24,4,6,5
0.07612456747404844,0.020761245674740483,91.55571436869302,True,1,63,7,10,8
0.03864734299516908,0.043478260869565216,84.5371854375189,True,1,37,2,4,5
0.042105263157894736,0.2,59.51390067218034,False,0,12,1,0,1
0.0,0.10810810810810811,64.60586248086085,False,0,14,0,0,0
0.009523809523809525,0.11428571428571428,58.12515190747797,False,0,6,1,0,1
0.08762886597938144,0.05154639175257732,91.47740493225149,True,0,32,2,3,5
0.0364963503649635,0.0948905109489051,66.75517587286919,True,0,16,1,3,1
0.0625,0.08928571428571429,67.63237441072036,False,0,19,1,2,3
0.021739130434782608,0.10144927536231885,69.19123826264108,False,1,14,2,2,3
0.056338028169014086,0.23943661971830985,53.96914861560994,False,0,13,1,1,1
0.03389830508474576,0.3220338983050847,48.437008141872454,False,0,9,0,1,1
0.05454545454545454,0.031818181818181815,88.83399612418346,True,1,36,4,6,3
0.0,0.1411764705882353,44.98763287324021,False,0,12,0,1,1
0.0782122905027933,0.013966480446927373,97.85812645468373,True,1,62,5,5,9
0.0196078431372549,0.35294117647058826,57.602081783033476,False,0,6,0,0,1
0.0625,0.057291666666666664,80.68178750653693,True,1,39,2,4,5
0.0,0.1188118811881188,63.209587640907685,False,0,5,1,1,0
0.06177606177606178,0.03474903474903475,91.60071571673375,True,1,31,2,3,5
0.04149377593360996,0.03319502074688797,81.88229445198726,True,1,27,4,4,4
0.017699115044247787,0.1504424778761062,59.381101295873734,False,0,7,1,0,0
0.02857142857142857,0.18571428571428572,41.037479179576984,False,0,11,0,1,0
0.06779661016949153,0.11016949152542373,74.29423890417384,False,0,15,2,2,1
0.037383177570093455,0.14018691588785046,57.90124933105361,False,0,13,1,1,0
0.02197802197802198,0.07142857142857142,67.13382859665224,False,1,19,1,2,1
0.049586776859504134,0.01652892561983471,90.92360528111378,True,1,58,6,11,9
0.03759398496240601,0.08270676691729323,72.064403786521,False,0,17,2,2,3
0.06692913385826772,0.015748031496062992,90.55605521680461,True,0,60,6,11,6
0.07807807807807808,0.018018018018018018,92.98857135259031,True,1,36,6,10,7
0.030612244897959183,0.17346938775510204,58.373146184872354,False,0,5,0,1,1
0.03806228373702422,0.03806228373702422,82.46608293618318,False,1,35,2,6,5
0.05970149253731343,0.22388059701492538,54.165131472636574,False,0,11,0,1,0
0.027522935779816515,0.11926605504587157,66.24101059435506,False,0,19,1,1,1
0.03225806451612903,0.09032258064516129,68.22043831195033,False,0,10,2,3,2
0.07282913165266107,0.011204481792717087,95.6797429731608,True,1,62,4,6,5
0.037383177570093455,0.17757009345794392,43.60773001804007,False,0,8,0,0,1
0.05785123966942149,0.08264462809917356,67.06827904034016,False,1,24,1,1,2
0.0446927374301676,0.055865921787709494,73.35965862971463,False,1,23,1,1,2
0.07964601769911504,0.12389380530973451,77.3543541612346,False,0,14,1,3,2
0.03375527426160337,0.02531645569620253,80.48988591176744,False,0,37,3,4,3
0.08015267175572519,0.022900763358778626,95.1230034688708,True,1,69,6,5,7
0.02512562814070352,0.05527638190954774,65.70178767457652,False,0,16,2,3,2
0.037037037037037035,0.19753086419753085,56.895573127601835,False,0,9,1,1,0
0.029940119760479042,0.07784431137724551,65.62872825074386,False,0,22,2,2,3
0.03508771929824561,0.3157894736842105,47.82625362657867,False,0,6,0,1,0
0.057692307692307696,0.01098901098901099,96.29820654434708,True,1,52,4,6,9
0.04128440366972477,0.03669724770642202,82.19654384904224,True,1,33,3,6,3
0.08540925266903915,0.014234875444839857,94.84020572509404,True,1,54,6,10,7
0.045454545454545456,0.09090909090909091,79.48620814729621,False,0,14,2,2,2
0.036585365853658534,0.09146341463414634,74.29015181205367,False,0,18,2,3,2
0.0547945205479452,0.02054794520547945,80.98538174734489,True,0,21,4,7,5
0.06614785992217899,0.023346303501945526,85.89655861339102,False,1,39,3,4,4
0.06666666666666667,0.26666666666666666,64.36726490121379,False,0,11,1,0,1
0.058823529411764705,0.23529411764705882,63.172908658277706,False,0,5,1,0,1
0.08849557522123894,0.008849557522123894,93.13706512052065,True,1,47,7,8,6
0.02631578947368421,0.23684210526315788,58.786323611483596,False,0,11,0,1,0
0.06557377049180328,0.2786885245901639,60.14122013408355,False,0,5,0,1,1
0.06854838709677419,0.036290322580645164,85.06181418446343,True,0,29,3,7,3
0.05421686746987952,0.0783132530120482,72.9491088039535,False,0,14,1,3,3
0.0,0.2463768115942029,49.02686815852593,False,0,10,0,1,1
0.02912621359223301,0.1650485436893204,48.438311647095475,False,0,6,0,0,0
0.03125,0.078125,78.43534916399925,False,0,12,2,2,2
0.10365853658536585,0.009146341463414634,98.2435044724935,True,0,45,7,9,6
0.010752688172043012,0.17204301075268819,51.11320632625399,False,0,11,1,1,0
0.025,0.15,61.65253863444587,False,0,7,0,0,0
0.046218487394957986,0.029411764705882353,89.28158115561507,True,1,26,3,7,5
0.07777777777777778,0.05555555555555555,80.243005960092,True,1,20,4,6,3
0.09392265193370165,0.049723756906077346,81.88932794569037,True,1,31,4,5,4
0.10067114093959731,0.013422818791946308,90.01346270956563,True,0,66,7,9,6
0.0365296803652968,0.045662100456621,89.78353029698661,False,0,39,2,4,5
0.012048192771084338,0.14457831325301204,50.28436428531474,False,0,13,1,1,1
0.030927835051546393,0.18556701030927836,59.43638667955964,False,0,7,1,1,1
0.013157894736842105,0.23684210526315788,64.13256809076,False,0,9,0,1,1
0.056910569105691054,0.08943089430894309,66.34815277604241,False,0,19,2,2,2
0.06046511627906977,0.05116279069767442,90.46749178257755,True,1,23,4,6,4
0.05737704918032787,0.09836065573770492,68.26837069440116,False,0,23,2,3,3
0.0,0.26229508196721313,53.91446071255383,False,0,11,0,1,1
0.08163265306122448,0.05612244897959184,87.48456675370649,False,1,33,4,5,3
0.045454545454545456,0.21212121212121213,40.322436744738134,False,0,11,1,1,1
0.06690140845070422,0.01056338028169014,90.85056385489241,True,1,39,4,8,7
0.06,0.3,42.02596526162642,False,0,11,0,0,1
0.0625,0.0859375,79.93353350736032,False,1,19,2,1,3
0.034782608695652174,0.13043478260869565,54.80753427655239,False,0,7,1,0,0
0.04435483870967742,0.04032258064516129,92.0614350445039,False,1,30,2,7,3
0.039603960396039604,0.15841584158415842,45.81353329052138,False,0,12,1,1,1
0.06868131868131869,0.019230769230769232,97.71512061998487,True,1,46,7,11,7
0.03968253968253968,0.11904761904761904,72.47194915322063,False,0,15,2,1,2
0.027777777777777776,0.1574074074074074,49.12056175519497,False,0,11,0,0,1
0.04,0.18666666666666668,62.78347975196577,False,0,9,0,1,1
0.0,0.14563106796116504,55.7029882810893,False,0,5,1,0,1
0.0,0.17475728155339806,43.01118349991414,False,0,13,0,1,0
0.023529411764705882,0.2,64.94373472525501,False,0,8,1,0,0
0.01,0.14,55.41070443429675,False,0,10,0,1,1
0.0,0.23214285714285715,43.78580785924908,False,0,14,0,0,0
0.053691275167785234,0.08053691275167785,69.46042296962709,False,0,13,2,1,3
0.04371584699453552,0.060109289617486336,93.07869591920758,True,1,37,3,6,5
0.07582938388625593,0.03317535545023697,82.1520418552703,False,0,36,2,4,5
0.06201550387596899,0.11627906976744186,76.87114625760464,True,0,19,1,1,3
0.108,0.024,98.01684293191305,True,1,64,7,5,6
0.07207207207207207,0.13513513513513514,70.12770928247139,True,0,22,1,1,3
0.015625,0.234375,49.52379612558688,False,0,10,0,1,0
0.04597701149425287,0.14942528735632185,60.88431325710615,False,0,14,0,0,1
0.0,0.1111111111111111,41.70272561808807,False,0,6,0,1,0
0.07258064516129033,0.08064516129032258,71.212116023235,True,0,21,1,3,3
0.044585987261146494,0.09554140127388536,77.37280651230655,True,0,20,2,2,3
0.07216494845360824,0.05154639175257732,82.4505013759763,False,0,25,4,6,5
0.09649122807017543,0.014619883040935672,92.70619994693597,True,1,55,7,7,9
0.06086956521739131,0.10434782608695652,68.02762753045637,False,0,16,2,3,3
0.0,0.17777777777777778,41.13962894871672,False,0,12,1,1,0
0.0,0.19672131147540983,43.08209448247367,False,0,13,1,1,0
0.07272727272727272,0.2545454545454545,43.56391387582789,False,0,6,0,0,1
0.02,0.19,50.34196697463151,False,0,8,0,1,0
0.008620689655172414,0.16379310344827586,58.21640710591507,False,0,11,1,1,0
0.04054054054054054,0.22972972972972974,59.93785113241215,False,0,6,1,1,0
0.03125,0.1875,47.0150203309479,False,0,13,0,0,0
0.0425531914893617,0.024822695035460994,94.42423710569248,True,1,30,3,5,4
0.02952029520295203,0.02952029520295203,81.01959949729105,False,1,22,4,7,4
0.05228758169934641,0.08496732026143791,76.53380066856752,True,0,16,2,3,2
0.0688622754491018,0.008982035928143712,93.55439337364062,True,1,57,5,10,9
0.04838709677419355,0.053763440860215055,72.07609756277658,False,0,11,1,3,3
0.01098901098901099,0.2087912087912088,57.483486656316074,False,0,13,1,0,0
0.03333333333333333,0.11666666666666667,71.60808739809492,False,1,21,1,1,1
0.009345794392523364,0.11214953271028037,62.70037723437436,False,0,10,1,1,0
0.017391304347826087,0.1565217391304348,51.79123726876489,False,0,12,0,0,1
0.05084745762711865,0.03389830508474576,93.44861987703516,False,1,30,4,4,3
0.029411764705882353,0.17647058823529413,47.39368906487552,False,0,13,1,0,1
0.03614457831325301,0.2289156626506024,49.618314412686125,False,0,13,0,0,0
0.01775147928994083,0.07100591715976332,75.84607454074504,True,0,11,1,1,1
0.08737864077669903,0.0970873786407767,76.97983670534956,True,0,12,1,1,1
0.07563025210084033,0.09243697478991597,75.18599906743457,True,1,19,1,1,3
0.0,0.14655172413793102,40.02323542174903,False,0,9,0,0,1
0.07317073170731707,0.016260162601626018,92.39066384075029,True,1,36,4,10,8
0.0449438202247191,0.20224719101123595,47.58463859072833,False,0,7,0,0,0
0.0125,0.1875,41.36165118417094,False,0,6,1,0,0
0.020942408376963352,0.07853403141361257,69.68284604853694,False,0,14,1,3,2
0.04395604395604396,0.08241758241758242,77.18116416513018,True,0,21,2,3,3
0.043859649122807015,0.04824561403508772,80.38354698634602,True,1,38,4,4,5
0.09375,0.015625,91.46695114015182,True,1,63,7,10,5
0.021052631578947368,0.1368421052631579,42.99882354327425,False,0,6,0,1,0
0.01818181818181818,0.11818181818181818,48.22056544621523,False,0,12,1,0,1
0.11152416356877323,0.01858736059479554,91.31686903436207,True,1,38,6,7,7
0.04716981132075472,0.09433962264150944,68.26568769467227,False,0,20,1,3,2
0.06040268456375839,0.087248322147651,72.66670457734251,False,0,14,1,3,3
0.06349206349206349,0.25396825396825395,43.54985648380212,False,0,12,0,1,0
0.022598870056497175,0.0847457627118644,75.18743852479344,False,0,12,1,2,3
0.06340057636887608,0.020172910662824207,99.95474152346814,True,1,68,7,10,8
0.020833333333333332,0.057291666666666664,71.9389032065773,False,0,18,2,2,2
0.052805280528052806,0.009900990099009901,96.63146248975208,True,1,55,4,9,9
0.03214285714285714,0.025,82.06042618953012,False,1,26,2,4,4
0.03723404255319149,0.07446808510638298,65.02465635668675,False,0,18,2,1,2
0.034482758620689655,0.25862068965517243,61.096985280773225,False,0,10,1,1,0
0.02768166089965398,0.02422145328719723,93.93211941031828,False,0,37,4,5,5
0.08018867924528301,0.02830188679245283,80.53385346209714,True,0,29,4,3,3
0.038834951456310676,0.11650485436893204,57.162848576081316,False,0,14,0,0,0
0.04291845493562232,0.04721030042918455,88.02450010114165,False,1,26,3,4,3
0.11409395973154363,0.013422818791946308,92.67075007456333,True,1,46,6,6,7
0.025210084033613446,0.15966386554621848,40.01494847086988,False,0,5,0,1,0
0.020833333333333332,0.17708333333333334,41.535628231495814,False,0,7,0,1,1
0.034482758620689655,0.08620689655172414,76.0611491646792,False,1,23,1,2,3
0.0975609756097561,0.010452961672473868,97.83161430923697,True,1,53,6,5,8
0.06,0.32,42.96651536186347,False,0,5,0,0,0
0.029411764705882353,0.13725490196078433,52.07128186025262,False,0,14,0,1,1
0.03162055335968379,0.023715415019762844,93.32287024491956,False,0,33,4,7,4
0.029411764705882353,0.06470588235294118,67.91410356502702,False,1,15,2,1,1
0.018691588785046728,0.12149532710280374,50.33791325724898,False,0,11,1,0,1
0.021505376344086023,0.13978494623655913,41.0775027237081,False,0,11,0,1,0
0.05161290322580645,0.012903225806451613,95.08141718665195,True,1,63,4,6,7
0.03763440860215054,0.05913978494623656,79.07096209352197,True,1,24,1,2,3
0.08,0.34,55.891133048815334,False,0,11,1,1,0
0.05263157894736842,0.04784688995215311,83.62757293123029,False,1,38,3,6,3
0.031055900621118012,0.08074534161490683,67.89740012612648,False,0,24,1,2,3
0.047872340425531915,0.06914893617021277,66.08415421359764,False,1,18,2,1,3
0.044444444444444446,0.2111111111111111,45.17642708457582,False,0,5,1,0,1
0.06068601583113457,0.0158311345646438,91.11487687838782,True,1,45,4,9,9
0.03125,0.109375,67.931870005526,False,1,11,1,1,1
0.08398950131233596,0.013123359580052493,95.8312782345287,True,1,47,7,11,7
0.03389830508474576,0.11016949152542373,71.35655179896385,False,1,11,2,1,3
0.03546099290780142,0.07092198581560284,76.43261880772467,True,0,20,2,1,3
0.043824701195219126,0.035856573705179286,89.02076106032845,False,0,20,2,3,3
0.0223463687150838,0.0782122905027933,70.35473644202996,False,0,18,1,2,3
0.012195121951219513,0.14634146341463414,49.512047137325894,False,0,7,0,1,1
0.03543307086614173,0.04330708661417323,84.49503025762236,True,1,21,3,6,4
0.04081632653061224,0.07482993197278912,79.65925734765393,False,0,23,2,2,3
0.0842911877394636,0.01532567049808429,99.75410367684745,True,1,40,7,9,8
0.04918032786885246,0.22950819672131148,54.9328094582678,False,0,7,1,1,0
0.06779661016949153,0.11016949152542373,77.7710862183721,False,0,14,1,3,3
0.05357142857142857,0.08333333333333333,66.78659803815074,False,0,19,1,1,1
0.06912442396313365,0.03225806451612903,86.53094485099628,True,1,31,2,4,3
0.04081632653061224,0.04081632653061224,92.17358006527323,False,0,21,3,4,3
0.038834951456310676,0.13592233009708737,78.83905635640937,True,0,17,1,1,3
0.057692307692307696,0.08333333333333333,71.1183441276092,False,0,13,1,2,1
0.058823529411764705,0.053475935828877004,86.54369039535736,True,0,31,3,4,4
0.0625,0.008928571428571428,97.24696254261825,True,1,56,4,8,6
0.05390835579514825,0.008086253369272238,97.40663581066626,True,1,42,6,9,9
0.0,0.1590909090909091,41.872396050049595,False,0,13,1,1,1
0.07692307692307693,0.049773755656108594,91.5312069704377,False,0,21,2,3,4
0.06923076923076923,0.07692307692307693,68.76335474801157,False,0,13,1,3,3
0.06837606837606838,0.1282051282051282,74.25829374491687,True,0,16,2,1,3
0.08396946564885496,0.011450381679389313,98.48181498279948,True,1,57,7,7,5
0.04819277108433735,0.14457831325301204,44.29781394317761,False,0,9,1,1,1
0.02564102564102564,0.16666666666666666,53.98045329421146,False,0,14,1,0,1
0.0896358543417367,0.0196078431372549,96.03213062099505,True,1,60,4,6,8
0.033707865168539325,0.1348314606741573,44.01484237608271,False,0,9,1,0,1
0.05454545454545454,0.05,92.67456280460152,False,0,22,3,6,3
0.04854368932038835,0.1262135922330097,79.16313257519161,True,0,22,2,1,1
0.08064516129032258,0.01881720430107527,94.25505659271843,True,1,59,6,8,8
0.030612244897959183,0.05102040816326531,71.04546966924104,False,0,12,2,1,2
0.06441717791411043,0.012269938650306749,96.76617233552507,True,1,38,4,9,5
0.01,0.14,45.889705706116935,False,0,9,0,0,0
0.05084745762711865,0.288135593220339,62.963040069262945,False,0,12,1,1,0
0.030456852791878174,0.07106598984771574,74.60571119966362,True,0,23,1,3,1
0.07547169811320754,0.22641509433962265,51.11433752673571,False,0,14,0,1,1
0.02,0.24,63.8486303123444,False,0,12,1,0,1
0.09144542772861357,0.017699115044247787,92.8231383421072,True,1,58,4,11,7
0.01948051948051948,0.08441558441558442,73.73105196686335,True,1,13,2,2,2
0.08839779005524862,0.008287292817679558,94.80559940836268,True,1,38,5,11,8
0.029411764705882353,0.17647058823529413,64.29613253313711,False,0,9,0,0,0
0.051470588235294115,0.08823529411764706,74.22596944786717,False,0,13,2,3,1
0.043010752688172046,0.16129032258064516,63.498109322142724,False,0,9,0,0,1
0.05,0.1,71.9053305970224,True,1,12,2,1,1
0.0425531914893617,0.03900709219858156,81.18819725012557,False,0,39,2,7,4
0.05084745762711865,0.09322033898305085,66.67901867202184,False,0,20,1,1,2
0.0,0.21818181818181817,48.395409116038365,False,0,9,0,1,0
0.0,0.21739130434782608,43.570357611821684,False,0,6,0,0,1
0.055970149253731345,0.011194029850746268,90.54966306839822,True,1,37,4,5,9
0.03896103896103896,0.08441558441558442,66.304505303839,False,1,16,2,2,3
0.017391304347826087,0.12173913043478261,42.283143358338926,False,0,14,1,1,0
0.04310344827586207,0.09482758620689655,75.32507617319847,True,0,11,1,1,2
0.05,0.07222222222222222,67.5374284076363,True,1,21,2,1,1
0.0547945205479452,0.1780821917808219,64.75712926462353,False,0,6,1,0,1
0.050359712230215826,0.02158273381294964,85.20438425566378,False,1,22,2,5,5
0.0,0.2318840579710145,58.764961418603164,False,0,14,0,0,0
0.02702702702702703,0.15315315315315314,61.11993952970365,False,0,6,1,0,0
0.07854984894259819,0.012084592145015106,93.88768412861597,True,0,43,6,7,5
0.02,0.13,52.8488861672677,False,0,8,0,0,1
0.03896103896103896,0.16883116883116883,44.32559674377911,False,0,11,0,1,1
0.028846153846153848,0.17307692307692307,43.47422479716562,False,0,11,1,0,0
0.057692307692307696,0.10576923076923077,69.64204323632902,True,0,19,2,3,2
0.05172413793103448,0.12931034482758622,75.73977040312586,False,0,16,1,2,2
0.027777777777777776,0.08333333333333333,70.93127405363568,False,1,14,2,2,3
0.07164179104477612,0.014925373134328358,90.68927878134649,True,1,47,6,6,8
0.045454545454545456,0.25757575757575757,50.27860841199968,False,0,14,0,0,0
0.06666666666666667,0.10833333333333334,79.31999535318603,True,0,17,2,2,3
0.0449438202247191,0.16853932584269662,61.12160213526271,False,0,10,1,0,1
0.0,0.3137254901960784,45.6459908055848,False,0,14,1,1,0
0.017241379310344827,0.12931034482758622,64.59765909742909,False,0,9,1,1,0
0.09310344827586207,0.020689655172413793,99.1509845449003,True,1,50,4,9,7
0.038461538461538464,0.11538461538461539,78.33500916221999,False,0,11,2,3,3
0.0,0.1565217391304348,56.311898887680805,False,0,6,1,1,1
0.052941176470588235,0.058823529411764705,78.01553146878858,True,0,15,1,2,2
0.08708708708708708,0.018018018018018018,98.34324795749399,True,1,56,4,6,9
0.04597701149425287,0.1839080459770115,52.479661273333264,False,0,14,1,0,1
0.027972027972027972,0.06993006993006994,66.56469631027824,False,1,23,2,1,1
0.025423728813559324,0.13559322033898305,60.70464673308632,False,0,12,0,0,0
0.013157894736842105,0.25,43.39153667900944,False,0,9,0,0,1
0.020942408376963352,0.07329842931937172,71.80889204632695,False,0,22,1,2,1
0.03409090909090909,0.19318181818181818,59.72740279121892,False,0,8,0,0,0
0.07777777777777778,0.014814814814814815,90.91777606471176,True,1,69,6,7,8
0.09124087591240876,0.021897810218978103,92.12664286511342,True,0,44,6,9,5
0.050314465408805034,0.0880503144654088,74.6162915537324,False,0,10,1,3,2
0.06315789473684211,0.018421052631578946,98.16890289504168,True,1,60,5,9,7
0.06153846153846154,0.2153846153846154,57.89339816026988,False,0,12,1,1,0
0.048484848484848485,0.07272727272727272,72.51560355476906,False,0,18,2,3,1
0.049079754601226995,0.08588957055214724,78.66680752087936,True,0,13,2,2,2
0.015625,0.078125,76.29678270769512,True,1,22,2,2,1
0.0,0.2638888888888889,40.43745534968472,False,0,10,0,0,1
0.08385093167701864,0.012422360248447204,97.35228518101596,True,1,57,4,9,9
0.061855670103092786,0.010309278350515464,96.93863161875733,True,1,61,6,5,6
0.06451612903225806,0.11290322580645161,74.03384453565886,False,0,19,1,2,2
0.050980392156862744,0.0392156862745098,94.25460520604273,False,0,39,4,7,4
0.038461538461538464,0.36538461538461536,55.53066326200418,False,0,14,1,0,0
0.03571428571428571,0.17857142857142858,45.202650864909316,False,0,5,1,0,1
0.06060606060606061,0.01893939393939394,97.54827458362331,True,1,69,4,9,6
0.011111111111111112,0.14444444444444443,60.82585659852675,False,0,11,0,0,1
0.0,0.21333333333333335,56.41406755999131,False,0,13,1,0,0
0.014492753623188406,0.2318840579710145,44.75569827050344,False,0,5,1,1,1
0.0379746835443038,0.1518987341772152,42.61651100866203,False,0,14,0,0,0
0.02,0.16,61.00047079801746,False,0,8,1,1,1
0.04050632911392405,0.017721518987341773,96.8267115246276,True,1,60,7,9,5
0.08695652173913043,0.009316770186335404,91.83423643497956,True,1,67,4,7,6
0.034482758620689655,0.03103448275862069,81.60543701316557,True,1,31,3,7,5
0.03278688524590164,0.26229508196721313,42.45862303975533,False,0,14,0,0,0
0.0647887323943662,0.008450704225352112,94.74076264107858,True,1,63,4,9,6
0.06701030927835051,0.03608247422680412,90.20840999208257,False,0,26,2,5,4
0.06611570247933884,0.01928374655647383,99.09564427380302,True,1,59,5,5,9
0.039603960396039604,0.18811881188118812,59.25053071139571,False,0,9,1,1,0
0.06217616580310881,0.007772020725388601,95.21733418853246,True,1,60,5,5,9
0.013333333333333334,0.22666666666666666,55.74208988148007,False,0,13,0,0,0
0.0756578947368421,0.013157894736842105,91.43621378068816,True,1,36,4,6,9
0.07172995780590717,0.0379746835443038,90.97809105929751,False,1,26,3,5,3
0.03773584905660377,0.16037735849056603,49.757388680319266,False,0,5,0,1,1
0.030303030303030304,0.06666666666666667,67.3162363630882,False,0,21,2,2,1
0.012658227848101266,0.1518987341772152,63.99364303654923,False,0,8,0,1,0
0.05905511811023622,0.031496062992125984,94.18242290839251,True,0,37,4,4,3
0.02142857142857143,0.08571428571428572,75.98328809468333,False,1,19,1,1,2
0.017857142857142856,0.06547619047619048,68.87450643691389,True,0,16,1,1,3
0.057432432432432436,0.033783783783783786,87.61084647627736,False,0,25,4,4,4
0.029850746268656716,0.1791044776119403,55.46867456144015,False,0,5,1,0,1
0.008403361344537815,0.15126050420168066,55.788609466904006,False,0,10,1,0,0
0.020134228187919462,0.09395973154362416,71.70311292800659,True,0,24,1,2,1
0.05333333333333334,0.016666666666666666,93.82053882511057,True,1,53,5,7,6
0.07123287671232877,0.019178082191780823,92.4545446253893,True,1,61,6,8,9
0.0705521472392638,0.012269938650306749,92.48287479630847,True,1,45,4,11,6
0.03571428571428571,0.21428571428571427,63.12661391117638,False,0,14,1,0,1
0.030612244897959183,0.023809523809523808,92.87208387539981,False,1,35,3,3,3
0.021164021164021163,0.05291005291005291,76.54597127445321,True,0,19,2,3,2
0.04195804195804196,0.09090909090909091,75.08522401464298,False,0,12,1,3,2
0.05063291139240506,0.1518987341772152,63.806501959058096,False,0,7,0,0,0
0.023076923076923078,0.11538461538461539,65.25453693973199,True,0,16,2,1,2
0.04854368932038835,0.03398058252427184,88.99037880703705,False,1,39,4,7,4
0.04411764705882353,0.029411764705882353,87.27935951092573,False,0,32,3,5,3
0.03571428571428571,0.20238095238095238,54.62327234946804,False,0,11,0,0,0
0.06593406593406594,0.04945054945054945,83.09801605958009,True,1,39,4,6,4
0.0,0.19318181818181818,42.26802206869577,False,0,12,1,1,0
0.021505376344086023,0.07526881720430108,70.34100948678717,True,0,24,2,1,2
0.0136986301369863,0.1643835616438356,61.66489221488759,False,0,14,1,0,1
0.05128205128205128,0.21794871794871795,52.653496317366105,False,0,13,0,0,0
0.022222222222222223,0.08333333333333333,70.91285741899861,True,0,22,1,2,3
0.012195121951219513,0.14634146341463414,63.363506140546505,False,0,10,0,0,0
0.03614457831325301,0.14457831325301204,64.45827019193119,False,0,12,1,0,0
0.03636363636363636,0.15454545454545454,45.26149180441335,False,0,11,0,1,0
0.05755395683453238,0.09352517985611511,71.70954134378901,True,0,10,1,1,2
0.025210084033613446,0.09243697478991597,75.63944190711152,False,0,15,1,3,1
0.04642857142857143,0.03571428571428571,88.75139322716137,False,1,26,3,4,5
0.01282051282051282,0.24358974358974358,52.980174365086505,False,0,8,0,1,1
0.017857142857142856,0.10714285714285714,63.082150525348396,False,0,6,0,1,1
0.04404145077720207,0.015544041450777202,96.72059502661736,True,0,69,5,7,7
0.048109965635738834,0.030927835051546393,84.5010062435816,False,0,34,3,7,4
0.058823529411764705,0.35294117647058826,50.26246784243448,False,0,6,1,1,0
0.05102040816326531,0.023809523809523808,91.1056744541153,False,1,33,4,4,5
0.06701030927835051,0.015463917525773196,90.50322932934664,True,0,59,6,9,6
0.04961832061068702,0.03816793893129771,90.94885278928732,True,0,38,3,5,3
0.02564102564102564,0.10256410256410256,65.81763916120579,True,0,15,1,2,3
0.10344827586206896,0.01532567049808429,97.23057125460329,True,1,64,5,8,8
0.024691358024691357,0.2345679012345679,46.42075094312963,False,0,12,1,0,1
0.06766917293233082,0.09022556390977443,67.33777304827166,False,1,18,2,3,3
0.03759398496240601,0.11278195488721804,66.35628466687491,True,0,11,2,2,2
0.09090909090909091,0.058823529411764705,90.3877101914179,False,1,21,2,4,3
0.08064516129032258,0.04838709677419355,85.50082862890699,False,0,23,4,4,4
0.07258064516129033,0.12096774193548387,65.05939914518214,False,0,19,2,3,3
0.04838709677419355,0.07526881720430108,66.42273789879734,False,0,12,1,2,1
0.04054054054054054,0.22972972972972974,53.920967367256026,False,0,11,1,0,0
0.026785714285714284,0.125,55.489564820677174,False,0,9,0,0,0
0.08527131782945736,0.012919896640826873,99.74760081336196,True,1,40,4,7,7
0.0,0.35294117647058826,51.3188584427185,False,0,14,1,1,1
0.04642857142857143,0.03214285714285714,92.65520794497466,False,1,20,2,5,3
0.05343511450381679,0.07633587786259542,73.03197424485431,False,0,16,2,3,2
0.11221122112211221,0.013201320132013201,92.93794470654328,True,1,68,4,10,7
0.045871559633027525,0.027522935779816515,85.73544996592442,False,0,34,3,6,5
0.0547945205479452,0.08904109589041095,69.04159169455482,False,1,22,2,1,1
0.00847457627118644,0.1440677966101695,57.69383019013495,False,0,5,1,1,0
0.037383177570093455,0.09345794392523364,69.73124586888025,False,1,10,1,1,1
0.037037037037037035,0.03367003367003367,81.41596213855789,False,1,31,3,5,3
0.0498220640569395,0.03202846975088968,84.10499577382187,True,1,26,4,6,5
0.009615384615384616,0.16346153846153846,51.18750619526071,False,0,13,1,0,1
0.04891304347826087,0.008152173913043478,99.06019071044363,True,1,62,7,8,7
0.016853932584269662,0.07303370786516854,74.96018342101404,False,1,23,2,3,1
0.05,0.2375,62.24590985220777,False,0,9,1,0,1
0.034013605442176874,0.03741496598639456,94.87747688695445,False,1,27,4,3,5
0.022222222222222223,0.07222222222222222,73.42157566899687,True,0,21,2,2,1
0.03308823529411765,0.03308823529411765,89.90503745771191,True,0,28,2,6,4
0.027522935779816515,0.1651376146788991,43.140390328905895,False,0,11,0,1,1
0.047872340425531915,0.05851063829787234,72.57673333616009,True,0,12,1,2,2
0.043478260869565216,0.06832298136645963,76.5027334672666,False,0,15,2,3,3
0.01680672268907563,0.12605042016806722,49.46685524931959,False,0,14,0,0,0
0.05517241379310345,0.08275862068965517,65.48729895035247,False,0,20,2,2,1
0.02912621359223301,0.1262135922330097,64.92123210703599,False,0,5,1,1,1
0.05806451612903226,0.0967741935483871,75.81836701248375,False,0,10,1,2,1
0.09770114942528736,0.011494252873563218,95.38121010039814,True,1,57,4,6,7
0.055900621118012424,0.06832298136645963,72.75697838015957,False,0,14,2,3,3
0.03067484662576687,0.09202453987730061,72.36995647868196,True,0,16,2,1,1
0.08256880733944955,0.13761467889908258,68.26549698285848,True,0,17,1,3,1
0.0273972602739726,0.1643835616438356,56.45998988442605,False,0,8,1,1,1
0.1213235294117647,0.014705882352941176,90.52332857300662,True,1,41,4,7,9
0.016129032258064516,0.2903225806451613,53.42708638975259,False,0,6,0,0,1
0.034782608695652174,0.16521739130434782,41.66649574558265,False,0,5,0,0,1
0.052,0.04,88.31930736816717,True,1,26,2,3,5
0.0702247191011236,0.011235955056179775,96.23411731336265,True,1,62,6,10,5
0.017543859649122806,0.14912280701754385,58.59006293901544,False,0,5,1,0,0
0.036585365853658534,0.07317073170731707,65.38844105374228,False,0,23,2,1,1
0.04060913705583756,0.017766497461928935,93.56193943461379,True,1,59,7,6,8
0.03870967741935484,0.06451612903225806,79.6215476513062,True,0,22,1,3,1
0.053061224489795916,0.036734693877551024,90.03731233302275,False,0,32,3,5,3
0.04065040650406504,0.0975609756097561,72.24317801173765,False,1,21,1,1,3
0.0472972972972973,0.06756756756756757,70.49042398619773,True,0,19,1,2,3
0.053763440860215055,0.03225806451612903,82.93038441272913,False,0,20,4,4,4
0.08333333333333333,0.0392156862745098,86.09549607916192,False,1,23,3,4,4
0.04072398190045249,0.03619909502262444,89.98647860398052,True,0,28,4,4,4
0.07142857142857142,0.04395604395604396,87.4629397404118,False,1,37,4,4,5
0.058823529411764705,0.2549019607843137,46.279800115111684,False,0,10,0,1,1
0.036885245901639344,0.02459016393442623,85.20078141853867,True,1,31,4,6,4
0.05434782608695652,0.03985507246376811,80.6246603350997,True,1,32,2,4,4
0.018292682926829267,0.07317073170731707,65.26467740267908,False,0,15,1,3,2
0.035211267605633804,0.09154929577464789,76.85197060589162,False,0,23,2,2,2
0.07234042553191489,0.029787234042553193,84.56784783727075,False,0,21,3,3,3
0.10927152317880795,0.019867549668874173,99.03273622238915,True,0,56,7,6,8
0.0,0.19318181818181818,57.63390925485295,False,0,11,0,1,0
0.0661764705882353,0.08823529411764706,71.41503628736254,False,0,23,2,1,1
0.1039426523297491,0.021505376344086023,92.23602548323672,True,1,38,7,9,8
0.03515625,0.0390625,86.6286176746839,False,1,22,4,3,5
0.024390243902439025,0.08536585365853659,66.11112360815672,True,0,18,1,2,2
0.04838709677419355,0.06989247311827956,67.63369666451925,False,1,18,1,1,1
0.050314465408805034,0.0880503144654088,79.58783743450493,False,0,13,1,1,3
0.047058823529411764,0.17647058823529413,55.902640866090465,False,0,10,1,1,1
0.060498220640569395,0.03558718861209965,84.69069942712187,True,0,20,2,6,3
0.016129032258064516,0.05913978494623656,77.92820496677386,False,0,19,2,2,1
0.0,0.2777777777777778,64.95487636194464,False,0,5,0,0,1
0.05,0.21666666666666667,51.60875624705354,False,0,5,1,0,0
0.058333333333333334,0.1,76.60992630941013,False,0,13,2,1,2
0.05660377358490566,0.32075471698113206,61.48757439062245,False,0,13,1,1,0
0.07981220657276995,0.051643192488262914,83.22903568678751,True,0,31,3,3,3
0.04040404040404041,0.18181818181818182,48.07985624643443,False,0,14,0,1,0
0.022988505747126436,0.16091954022988506,47.220985361937835,False,0,8,0,0,1
0.0,0.22666666666666666,60.93627237086835,False,0,11,0,1,0
0.03389830508474576,0.062146892655367235,78.9723558037839,True,0,10,1,2,3
0.0446927374301676,0.055865921787709494,74.4372025095548,False,0,18,2,3,3
0.03333333333333333,0.2,49.82097691203506,False,0,6,0,1,1
0.0,0.19047619047619047,55.50003333693521,False,0,10,0,1,1
0.008695652173913044,0.13043478260869565,59.18083485398057,False,0,13,0,1,0
0.08256880733944955,0.11009174311926606,68.10307813133431,False,0,11,2,3,1
0.03125,0.1015625,76.33829569351724,False,0,17,1,2,2
0.0,0.22784810126582278,44.98929039739847,False,0,12,0,0,0
0.030303030303030304,0.18181818181818182,62.58340016306763,False,0,9,1,1,0
0.09602649006622517,0.016556291390728478,93.79365598204187,True,1,64,7,8,7
0.017094017094017096,0.13675213675213677,50.075968947678305,False,0,13,0,0,1
0.05113636363636364,0.07386363636363637,66.93131656052083,True,0,19,2,1,2
0.03783783783783784,0.05945945945945946,78.00728226501683,False,0,10,1,1,2
0.018018018018018018,0.16216216216216217,59.76418881727888,False,0,5,1,1,0
0.06862745098039216,0.12745098039215685,70.3973735095485,False,0,24,2,2,3
0.06060606060606061,0.09090909090909091,74.63165352538282,False,0,23,2,2,1
0.12878787878787878,0.015151515151515152,95.77064045225703,True,1,45,5,9,5
0.016042780748663103,0.06417112299465241,72.63037911094064,True,0,18,2,2,1
0.038461538461538464,0.11538461538461539,43.93428958374776,False,0,8,1,0,0
0.057692307692307696,0.25,56.67592142813385,False,0,7,0,1,0
0.06557377049180328,0.03278688524590164,92.46868707634914,True,0,22,4,7,5
0.057971014492753624,0.2028985507246377,60.14764606333603,False,0,11,0,1,1
0.06060606060606061,0.03787878787878788,85.34607103774496,True,1,38,4,3,3
0.028089887640449437,0.07303370786516854,74.25327133947772,False,0,18,2,2,2
0.034482758620689655,0.08620689655172414,79.95211569018281,False,1,18,2,1,1
0.046511627906976744,0.06395348837209303,66.17490582723828,False,0,23,2,1,1
0.04093567251461988,0.08187134502923976,78.94805723440818,False,0,11,1,1,2
0.02,0.26,63.58275279685374,False,0,14,0,0,1
0.046875,0.0625,72.46349125083088,False,0,10,2,3,2
0.02631578947368421,0.16666666666666666,55.93511530652959,False,0,5,0,1,0
0.02654867256637168,0.1592920353982301,52.10461245806492,False,0,7,0,1,0
0.0546218487394958,0.029411764705882353,94.9189128083291,False,1,31,2,4,5
0.0,0.17708333333333334,48.03854580994678,False,0,11,1,1,1
0.0125,0.15,53.201186225094986,False,0,11,1,1,1
0.008620689655172414,0.1206896551724138,43.961311004519075,False,0,9,0,1,1
0.07446808510638298,0.03723404255319149,88.57846283688431,True,0,38,2,4,4
0.06956521739130435,0.08695652173913043,69.8675997375342,True,0,19,1,2,2
0.012345679012345678,0.1728395061728395,44.93622042727829,False,0,11,0,0,0
0.037383177570093455,0.04672897196261682,83.97224482667478,True,1,25,4,7,3
0.033112582781456956,0.06622516556291391,79.43547974681792,True,0,23,2,3,3
0.05454545454545454,0.21818181818181817,58.42658794110438,False,0,10,0,1,1
0.02,0.08,77.896217085276,False,0,17,1,1,1
0.043478260869565216,0.043478260869565216,85.34585748949857,False,1,37,4,6,4
0.02564102564102564,0.13675213675213677,47.87012647301421,False,0,8,0,1,0
0.044444444444444446,0.008333333333333333,95.01935580780861,True,1,59,4,6,5
0.057692307692307696,0.23076923076923078,59.15392753956945,False,0,12,0,1,1
0.0752212389380531,0.030973451327433628,81.68913844023831,True,0,26,3,5,5
0.0213903743315508,0.053475935828877004,69.00814843229111,False,0,13,1,3,3
0.045454545454545456,0.2727272727272727,53.71585762986459,False,0,14,0,1,1
0.07453416149068323,0.018633540372670808,99.47427998059793,True,1,63,4,11,8
0.027777777777777776,0.1388888888888889,55.32925901857793,False,0,11,0,1,1
0.08287292817679558,0.06077348066298342,88.99828682079162,True,1,26,4,4,3
0.07692307692307693,0.028846153846153848,83.97927633629078,True,0,23,4,4,3
0.045454545454545456,0.13636363636363635,75.04930236288827,False,1,15,1,1,3
0.010416666666666666,0.16666666666666666,64.09790030182971,False,0,6,1,1,0
0.05063291139240506,0.189873417721519,58.95961928974795,False,0,5,0,1,0
0.027777777777777776,0.1111111111111111,45.195596036470896,False,0,13,0,0,1
0.0,0.15625,64.04662185869996,False,0,10,0,0,0
0.030534351145038167,0.08396946564885496,67.37780351041114,False,0,11,1,1,1
0.05185185185185185,0.07407407407407407,65.60878568202043,True,1,18,1,2,1
0.010526315789473684,0.18947368421052632,47.58202565163613,False,0,11,0,1,1
0.053497942386831275,0.04526748971193416,86.64103891559688,True,0,34,3,5,5
0.07083333333333333,0.03333333333333333,88.64238994738949,True,0,33,3,7,4
0.060109289617486336,0.03278688524590164,82.13981527209744,True,1,36,4,7,5
0.056338028169014086,0.19718309859154928,63.51599997965285,False,0,9,1,1,0
0.0,0.2,64.62322771103729,False,0,14,0,1,0
0.07163323782234957,0.02005730659025788,94.80134939638373,True,1,47,5,7,9
0.0196078431372549,0.29411764705882354,42.48740565451595,False,0,14,1,0,0
0.02586206896551724,0.13793103448275862,57.08586217634793,False,0,7,0,0,1
0.00909090909090909,0.11818181818181818,48.13545701706519,False,0,5,1,1,1
0.07142857142857142,0.3392857142857143,54.73214319657128,False,0,9,1,0,1
0.03636363636363636,0.21818181818181817,41.64001912362574,False,0,11,0,1,1
0.02512562814070352,0.06532663316582915,79.56002041690806,False,0,19,1,3,1
0.02857142857142857,0.22857142857142856,53.5851463049566,False,0,8,1,0,0
0.012345679012345678,0.2345679012345679,51.09639977851423,False,0,8,1,1,1
0.04666666666666667,0.08666666666666667,66.50929965833885,False,0,17,1,3,2
0.035398230088495575,0.11504424778761062,60.43913323861492,False,0,5,0,0,0
0.0,0.15384615384615385,43.185201792385726,False,0,14,1,1,1
0.015789473684210527,0.07894736842105263,75.61921740051784,False,0,14,2,1,3
0.0,0.17333333333333334,56.92441880777571,False,0,13,0,0,0
0.0,0.12931034482758622,48.012172441388685,False,0,5,0,1,1
0.05309734513274336,0.08849557522123894,78.02714226804154,True,1,16,1,1,1
0.0642570281124498,0.04417670682730924,87.45750921076528,True,1,22,2,5,4
0.030612244897959183,0.14285714285714285,57.91132453896975,False,0,5,0,1,0
0.033444816053511704,0.033444816053511704,81.64033854664218,False,0,37,4,7,5
0.03664921465968586,0.06806282722513089,77.49340392330845,False,0,11,2,2,2
0.05963302752293578,0.03211009174311927,93.95672900817547,True,1,37,2,6,4
0.057692307692307696,0.2692307692307692,52.645230564808244,False,0,7,1,1,1
0.045454545454545456,0.0106951871657754,92.74041589704275,True,1,55,4,7,5
0.04878048780487805,0.21951219512195122,48.77439059815229,False,0,14,1,0,0
0.0392156862745098,0.3333333333333333,64.73041708551466,False,0,14,1,0,1
0.0425531914893617,0.06914893617021277,74.05616432844884,False,0,17,2,1,3
0.05263157894736842,0.19736842105263158,54.34069644857269,False,0,12,1,1,0
0.01764705882352941,0.08235294117647059,70.13033996371972,True,0,21,2,2,2
0.04371584699453552,0.0546448087431694,69.47058998141677,False,0,21,2,1,3
0.08670520231213873,0.014450867052023121,97.20101654539141,True,1,42,4,6,9
0.06,0.15,77.59997334865915,True,1,11,1,1,3
0.053475935828877004,0.0374331550802139,91.02275780749402,False,1,20,2,4,3
0.06666666666666667,0.03076923076923077,89.03767045362093,False,1,35,4,6,3
0.06060606060606061,0.2878787878787879,50.95084141744117,False,0,12,0,1,0
0.038461538461538464,0.23076923076923078,57.026252793261136,False,0,12,0,1,0
0.04697986577181208,0.08053691275167785,65.6142729822422,False,1,14,2,2,3
0.01818181818181818,0.15454545454545454,51.25060598819506,False,0,13,1,1,0
0.0,0.16363636363636364,45.00385528123417,False,0,13,1,1,1
0.05240174672489083,0.034934497816593885,88.53922074425786,True,1,32,3,7,3
0.08490566037735849,0.1320754716981132,72.50537540576585,False,0,14,1,2,2
0.08282208588957055,0.02147239263803681,98.82836490678079,True,1,60,6,6,5
0.046012269938650305,0.015337423312883436,95.29875625518206,True,1,63,6,10,6
0.04452054794520548,0.02054794520547945,81.0853588661199,True,0,34,2,3,3
0.031746031746031744,0.05291005291005291,75.6689873706568,False,0,16,2,2,3
0.03125,0.17708333333333334,40.39633863433917,False,0,13,0,0,0
0.050314465408805034,0.09433962264150944,66.08564589791183,True,0,19,2,2,1
0.02666666666666667,0.08666666666666667,67.66114205181773,False,0,11,1,2,3
0.032467532467532464,0.07792207792207792,72.91184695582598,False,0,19,2,2,3
0.021739130434782608,0.06521739130434782,74.97909254355366,False,0,14,1,2,3
0.012345679012345678,0.14814814814814814,44.28183526665599,False,0,6,1,1,0
0.05172413793103448,0.20689655172413793,50.63391240674959,False,0,5,0,1,0
0.033582089552238806,0.041044776119402986,82.94661972834179,True,0,26,3,3,4
0.019230769230769232,0.11538461538461539,57.97557051084003,False,0,10,0,0,1
0.041237113402061855,0.13402061855670103,40.643560243680405,False,0,7,0,0,0
0.07589285714285714,0.03125,80.46236928049055,True,1,33,3,5,4
0.05555555555555555,0.018518518518518517,92.63605439806881,True,1,61,6,8,5
0.0,0.12605042016806722,46.58683614234621,False,0,12,0,0,0
0.05309734513274336,0.04424778761061947,90.79189951504958,True,0,26,4,3,5
0.0380952380952381,0.13333333333333333,55.60931744809026,False,0,11,1,0,0
0.020512820512820513,0.05128205128205128,71.17778424716745,True,0,23,2,3,3
0.0,0.1623931623931624,43.1381045306969,False,0,8,1,1,1
0.02054794520547945,0.0821917808219178,78.58775288148193,True,0,18,1,2,3
0.03731343283582089,0.08208955223880597,77.31103761223595,False,1,11,2,3,1
0.0,0.1978021978021978,60.913809779240346,False,0,7,0,0,0
0.045454545454545456,0.06493506493506493,67.9503283734682,False,0,22,1,1,2
0.023121387283236993,0.06358381502890173,70.367617379623,False,1,20,2,3,1
0.015151515151515152,0.2727272727272727,40.38618569332695,False,0,8,1,1,1
0.0761904761904762,0.10476190476190476,66.40732808593165,False,0,22,1,2,3
0.05970149253731343,0.2835820895522388,43.76238745181464,False,0,13,1,0,0
0.02127659574468085,0.1595744680851064,57.65145286595077,False,0,13,0,1,0
0.029850746268656716,0.07462686567164178,76.72530646649597,True,0,10,1,3,1
0.04054054054054054,0.24324324324324326,62.01626443661445,False,0,10,1,0,0
0.02830188679245283,0.09433962264150944,76.53470292842944,False,0,22,2,2,1
0.041237113402061855,0.06701030927835051,79.10595550918316,False,1,20,1,1,3
0.047619047619047616,0.25396825396825395,54.91807475265543,False,0,12,0,0,1
0.07627118644067797,0.11864406779661017,79.97333675913576,True,0,19,1,2,1
0.0,0.2878787878787879,64.22041103708442,False,0,14,1,0,0
0.023529411764705882,0.21176470588235294,55.075346584114705,False,0,12,1,1,0
0.03474903474903475,0.03474903474903475,82.25465933725953,False,1,39,4,6,3
0.038461538461538464,0.16346153846153846,55.10326572141338,False,0,7,1,1,0
0.046703296703296704,0.013736263736263736,95.16247823200061,True,1,47,5,11,9
0.039473684210526314,0.25,48.076776710143776,False,0,7,1,0,1
0.058394160583941604,0.040145985401459854,93.6994956740005,True,1,22,3,5,5
0.07042253521126761,0.01971830985915493,99.225724049058,True,1,54,4,9,6
0.043689320388349516,0.02912621359223301,86.72256270531977,True,1,27,3,4,4
0.05504587155963303,0.12844036697247707,72.46803770771479,True,1,22,2,1,3
0.03825136612021858,0.07650273224043716,77.32474000820109,False,0,12,2,2,1
0.03571428571428571,0.15178571428571427,46.78453487698962,False,0,10,0,1,0
0.03807106598984772,0.01015228426395939,98.87859349735552,True,1,65,5,7,5
0.08870967741935484,0.008064516129032258,99.60266358492066,True,1,35,4,7,8
0.032432432432432434,0.07027027027027027,71.50195549599685,False,1,17,2,1,2
0.02027027027027027,0.08783783783783784,68.61317095558223,False,0,11,2,1,3
0.06415094339622641,0.026415094339622643,87.9931465204512,True,1,28,4,4,3
0.04405286343612335,0.02643171806167401,90.94517620470862,False,1,35,4,6,4
0.04,0.112,66.2455813671528,False,0,10,1,3,2
0.056265984654731455,0.01278772378516624,99.10643015834546,True,1,36,7,6,9
0.06666666666666667,0.041025641025641026,89.95043916434739,False,1,38,3,3,4
0.0748502994011976,0.008982035928143712,92.83296527997702,True,0,60,7,5,9
0.05172413793103448,0.22413793103448276,64.27261778624674,False,0,9,1,1,1
0.027777777777777776,0.14814814814814814,57.273784156698895,False,0,14,0,1,1
0.03125,0.06875,73.26712004292101,True,0,20,2,3,3
0.03164556962025317,0.06962025316455696,67.95138166507483,True,0,12,1,3,2
0.07836990595611286,0.01567398119122257,94.80090142240047,True,1,51,4,11,7
0.0,0.1388888888888889,60.064018703790694,False,0,12,1,0,0
0.05508474576271186,0.025423728813559324,90.9577198103949,False,0,30,2,5,3
0.08524590163934426,0.009836065573770493,92.40996257995918,True,1,44,7,11,8
0.04040404040404041,0.13131313131313133,45.76835691515297,False,0,10,1,1,1
0.07211538461538461,0.038461538461538464,80.04263230495958,True,0,33,3,3,3
0.012048192771084338,0.2289156626506024,64.52465756996708,False,0,9,1,0,1
0.048458149779735685,0.030837004405286344,84.70051541685918,False,1,21,4,7,5
0.013513513513513514,0.1891891891891892,59.03647083590397,False,0,10,0,1,0
0.04938271604938271,0.1728395061728395,59.81758514451879,False,0,8,1,1,1
0.009523809523809525,0.1523809523809524,48.32375617405933,False,0,9,1,0,0
0.054945054945054944,0.04945054945054945,93.82186604324795,True,1,20,4,4,3
0.0718954248366013,0.02287581699346405,94.97687959547773,True,1,65,7,8,7
0.03409090909090909,0.17045454545454544,55.287371317979975,False,0,11,0,1,1
0.05511811023622047,0.03937007874015748,93.28552870310716,True,0,36,3,3,3
0.0,0.19148936170212766,58.07326680596509,False,0,10,1,1,0
0.06666666666666667,0.027450980392156862,93.46292933565297,False,1,24,2,7,3
0.0539568345323741,0.039568345323741004,83.11655944159592,False,0,34,3,7,3
0.022988505747126436,0.16091954022988506,50.46123742938645,False,0,7,1,0,1
0.08205128205128205,0.01282051282051282,99.2985850050056,True,0,61,5,8,5
0.06374501992031872,0.043824701195219126,80.97501183423333,True,1,23,2,7,4
0.01098901098901099,0.17582417582417584,47.114894863397964,False,0,12,0,0,0
0.02564102564102564,0.07692307692307693,73.31733671481756,False,0,14,2,1,3
0.05454545454545454,0.34545454545454546,42.45144621406144,False,0,9,0,1,1
0.03278688524590164,0.22950819672131148,53.2714758572119,False,0,10,0,0,0
0.10989010989010989,0.02197802197802198,94.53370605604158,True,1,62,7,5,7
0.0,0.1782178217821782,54.5184284949338,False,0,6,1,1,0
0.022727272727272728,0.14772727272727273,44.26693588255584,False,0,7,0,0,1
0.06190476190476191,0.04285714285714286,88.92569517385641,False,0,38,2,5,5
0.06046511627906977,0.037209302325581395,92.87560069641594,True,1,32,2,7,4
0.046875,0.1171875,71.35895802544499,False,0,20,1,1,3
0.11971830985915492,0.02112676056338028,95.70683175071979,True,1,39,7,8,8
0.01680672268907563,0.1092436974789916,46.708494781866435,False,0,9,1,0,1
0.08461538461538462,0.011538461538461539,94.97202403556552,True,1,61,7,8,7
0.013513513513513514,0.21621621621621623,57.2277270371706,False,0,12,1,1,1
0.0,0.32142857142857145,51.03868222199576,False,0,13,0,1,1
0.04219409282700422,0.02531645569620253,94.432788642377,True,1,26,2,5,5
0.0,0.2727272727272727,41.3937399617582,False,0,8,1,0,1
0.043859649122807015,0.011695906432748537,91.55647992761591,True,1,43,4,11,8
0.053811659192825115,0.04484304932735426,83.473744869335,False,1,27,2,7,3
0.136,0.016,94.26545698610076,True,0,37,7,8,7
0.009708737864077669,0.1650485436893204,57.27133760849534,False,0,10,0,0,0
0.05785123966942149,0.08264462809917356,78.26112944465277,False,1,16,1,1,1
0.0513595166163142,0.01812688821752266,98.46193866154374,True,1,55,6,9,6
0.028037383177570093,0.11214953271028037,70.87513394803324,False,1,24,2,1,3
0.05,0.07142857142857142,69.85843328870568,False,1,13,2,2,1
0.047619047619047616,0.08928571428571429,74.88733316900202,False,0,13,2,3,2
0.029411764705882353,0.03676470588235294,86.08429085383163,True,0,28,4,7,5
0.1111111111111111,0.016339869281045753,95.42033345097202,True,1,45,6,11,5
0.06206896551724138,0.013793103448275862,98.61062936479719,True,1,52,5,8,9
0.012987012987012988,0.16883116883116883,47.81706662569481,False,0,8,0,1,0
0.05555555555555555,0.06790123456790123,76.96313718479989,False,0,21,1,3,2
0.05384615384615385,0.09230769230769231,73.14262061501113,False,0,15,1,1,3
0.00980392156862745,0.17647058823529413,43.867121204621526,False,0,13,1,1,1
0.0528169014084507,0.02112676056338028,93.16233862597232,False,1,38,3,6,4
0.0625,0.25,61.11303828284137,False,0,13,0,0,0
0.025157232704402517,0.0880503144654088,77.93502374659597,False,0,24,1,2,2
0.07161803713527852,0.013262599469496022,95.55704860391945,True,1,45,6,11,6
0.046875,0.03515625,88.30235405298237,False,1,20,2,6,4
0.05,0.23333333333333334,45.694458540445034,False,0,6,1,1,0
0.03680981595092025,0.06748466257668712,79.29986397330708,False,1,12,2,3,1
0.07476635514018691,0.102803738317757,75.60546753984326,False,0,23,1,3,2
0.018867924528301886,0.2641509433962264,44.25918126953828,False,0,14,0,0,1
0.058823529411764705,0.2647058823529412,64.9724821761543,False,0,5,1,1,1
0.07766990291262135,0.14563106796116504,68.3442501283663,False,0,17,1,1,2
0.02586206896551724,0.16379310344827586,50.39198237907171,False,0,5,1,1,0
0.05693950177935943,0.021352313167259787,91.22310677592691,True,1,30,3,7,4
0.02030456852791878,0.07106598984771574,78.33679033591164,True,0,22,1,1,1
0.0449438202247191,0.026217228464419477,90.90005703887319,True,1,36,4,6,4
0.03225806451612903,0.3064516129032258,46.30174717125429,False,0,8,1,1,0
0.05776173285198556,0.010830324909747292,90.89825752572084,True,1,57,6,10,6
0.06274509803921569,0.03529411764705882,87.2108518470346,True,1,36,4,6,5
0.03614457831325301,0.09036144578313253,76.09411953500205,False,0,23,2,1,2
0.04,0.12,76.87941521700074,False,0,10,1,3,1
0.0546218487394958,0.046218487394957986,90.57193399887943,False,0,33,4,6,5
0.0297029702970297,0.12871287128712872,56.471385105671054,False,0,7,0,0,1
0.047619047619047616,0.16666666666666666,48.53815188553409,False,0,5,1,1,1
0.039735099337748346,0.0728476821192053,72.60155061076682,False,0,12,2,2,3
0.06128133704735376,0.016713091922005572,92.18794351576723,True,1,50,5,9,7
0.0,0.12903225806451613,42.16114382933496,False,0,8,1,0,1
0.050724637681159424,0.10869565217391304,66.90773680448767,False,1,19,2,3,1
0.016042780748663103,0.0748663101604278,65.92335016399998,False,0,11,2,3,1
0.05063291139240506,0.1518987341772152,54.3374896233804,False,0,6,0,1,1
0.02608695652173913,0.11304347826086956,63.32783052921633,False,0,6,0,1,0
0.06349206349206349,0.031746031746031744,87.44967818584257,False,1,27,3,7,5
0.020689655172413793,0.10344827586206896,68.5814884100596,True,0,21,1,2,3
0.06198347107438017,0.03305785123966942,90.37770319918953,True,1,37,2,7,5
0.08116883116883117,0.016233766233766232,93.33007633052245,True,0,59,6,5,5
0.046153846153846156,0.2,58.121771339497016,False,0,13,1,0,1
0.008547008547008548,0.11965811965811966,61.21978131939601,False,0,11,0,1,0
0.04678362573099415,0.05847953216374269,72.90838967375726,False,0,23,1,3,2
0.04519774011299435,0.07909604519774012,66.67373469699862,False,0,16,2,2,2
0.02727272727272727,0.10909090909090909,54.27132563860782,False,0,13,0,0,0
0.02608695652173913,0.13043478260869565,73.91497600889893,False,0,16,1,2,3
0.04522613065326633,0.05527638190954774,75.01402570374853,False,0,17,2,1,1
0.0,0.12844036697247707,63.2315243799473,False,0,12,1,0,0
0.07407407407407407,0.2777777777777778,54.42397875302448,False,0,11,1,1,1
0.051470588235294115,0.09558823529411764,74.67359485797375,True,0,16,2,2,3
0.029069767441860465,0.06395348837209303,73.35218214711111,False,0,16,1,2,2
0.030612244897959183,0.16326530612244897,46.874479799341,False,0,8,0,0,0
0.052830188679245285,0.033962264150943396,91.32308793362841,True,0,31,2,6,5
0.027972027972027972,0.0979020979020979,71.87986939238556,False,0,13,1,3,3
0.03804347826086957,0.05434782608695652,66.6188683244749,True,1,24,2,1,1
0.06015037593984962,0.07518796992481203,69.51738529678168,False,0,16,2,1,2
0.08375634517766498,0.007614213197969543,92.53457129673016,True,0,67,4,10,7
0.043478260869565216,0.034782608695652174,88.00282146471476,False,1,25,4,7,5
0.013333333333333334,0.22666666666666666,60.83185762571894,False,0,8,0,1,0
0.044444444444444446,0.07777777777777778,68.17575167692948,False,0,15,2,2,2
0.046296296296296294,0.1388888888888889,72.76148839719444,False,1,17,2,2,3
0.0,0.1553398058252427,63.54082953713007,False,0,11,1,1,1
0.045454545454545456,0.2159090909090909,58.54581784321649,False,0,12,1,0,1
0.04838709677419355,0.2903225806451613,43.29525933743648,False,0,6,0,0,0
0.056338028169014086,0.08450704225352113,77.54118912750258,True,0,24,2,3,1
0.010638297872340425,0.14893617021276595,51.02790410245834,False,0,9,0,0,0
0.09565217391304348,0.020289855072463767,94.32973049839707,True,1,58,7,11,9
0.058823529411764705,0.013071895424836602,95.22693774044536,True,0,57,7,10,6
0.04189944134078212,0.019553072625698324,97.1740355540521,True,1,37,4,5,7
0.037267080745341616,0.07453416149068323,79.06646838977336,True,1,23,1,2,1
0.09230769230769231,0.019230769230769232,97.09804713272372,True,1,39,5,8,8
0.0,0.18181818181818182,51.8769745012561,False,0,6,1,1,1
0.023809523809523808,0.06547619047619048,76.0088055543155,False,0,18,1,1,1
0.028368794326241134,0.024822695035460994,82.02178677376158,False,0,29,3,7,3
0.041666666666666664,0.027777777777777776,89.56895734369499,True,1,29,3,3,5
0.03508771929824561,0.14035087719298245,46.77273058117178,False,0,9,1,1,1
0.061224489795918366,0.04591836734693878,88.19074897824149,True,1,22,4,3,3
0.024,0.088,75.81339828578146,True,0,22,1,1,1
0.060109289617486336,0.04918032786885246,92.14682793032156,True,1,39,3,5,4
0.04639175257731959,0.06701030927835051,78.12814706672039,False,0,23,2,2,3
0.050505050505050504,0.045454545454545456,93.63376616182181,True,0,30,3,5,5
0.038834951456310676,0.14563106796116504,53.317790550974635,False,0,8,1,0,0
0.019417475728155338,0.13592233009708737,50.06528595850406,False,0,10,0,1,1
0.013513513513513514,0.1891891891891892,58.936563083517214,False,0,11,0,1,0
0.05244755244755245,0.038461538461538464,85.07964907171795,False,0,22,4,6,3
0.0375,0.2,46.714979037527144,False,0,13,1,0,1
0.07377049180327869,0.10655737704918032,76.56221782496482,False,0,12,1,3,1
0.03125,0.21875,55.83208705832489,False,0,5,1,1,0
0.07407407407407407,0.35185185185185186,47.22945634641108,False,0,14,1,1,0
0.07179487179487179,0.05641025641025641,92.15774729879558,True,0,23,2,7,4
0.06639004149377593,0.029045643153526972,90.98451155912272,True,1,23,2,4,3
0.1111111111111111,0.011111111111111112,98.75717036558939,True,1,67,4,8,5
0.03968253968253968,0.1111111111111111,67.08439857873374,False,0,10,2,3,3
0.023255813953488372,0.13953488372093023,62.60478018881069,False,0,12,0,0,0
0.057692307692307696,0.03076923076923077,90.88084402492748,False,1,37,2,5,5
0.01680672268907563,0.15126050420168066,48.442769368105616,False,0,12,1,0,0
0.03787878787878788,0.09090909090909091,67.06644394097779,False,0,21,1,1,2
0.03260869565217391,0.20652173913043478,62.10518379573297,False,0,13,0,1,0
0.021739130434782608,0.16304347826086957,61.59758290735283,False,0,9,1,1,1
0.022988505747126436,0.05747126436781609,66.17363147870034,True,1,21,2,2,2
0.06796116504854369,0.038834951456310676,86.28873873978449,False,0,34,2,4,4
0.010309278350515464,0.18556701030927836,61.840845565867504,False,0,12,1,0,1
0.05333333333333334,0.08,65.85079930327606,False,0,18,2,3,3
0.047619047619047616,0.06878306878306878,78.68727581345553,False,0,16,1,1,1
0.04639175257731959,0.05154639175257732,74.50651489697744,False,0,15,1,1,3
0.02197802197802198,0.15384615384615385,53.997327538398736,False,0,5,0,0,1
0.04285714285714286,0.22857142857142856,52.71014941611568,False,0,13,0,1,0
0.01020408163265306,0.1836734693877551,62.41428812423194,False,0,7,0,1,1
0.07272727272727272,0.32727272727272727,45.32643376832515,False,0,6,0,0,1
0.023255813953488372,0.10852713178294573,69.28107935454263,True,0,11,2,1,2
0.08169934640522876,0.00980392156862745,92.96348076880581,True,1,40,7,6,8
0.0,0.20430107526881722,43.36789327174314,False,0,8,1,0,1
0.07518796992481203,0.012531328320802004,98.5943458283355,True,0,55,7,7,5
0.04522613065326633,0.007537688442211055,94.8701604051624,True,1,38,7,9,9
0.06666666666666667,0.05128205128205128,82.53052464205618,False,1,26,3,5,3
0.010638297872340425,0.19148936170212766,47.280582964456904,False,0,14,0,0,0
0.060085836909871244,0.02575107296137339,82.794751647778,False,0,34,3,7,3
0.0,0.15254237288135594,50.69229470083653,False,0,11,1,1,0
0.04419889502762431,0.08287292817679558,73.18185043088738,True,0,23,2,2,1
0.021505376344086023,0.17204301075268819,41.896791030601186,False,0,5,1,0,0
0.06779661016949153,0.3220338983050847,53.23589351353191,False,0,8,1,1,0
0.03067484662576687,0.09202453987730061,70.45059812747147,False,1,11,1,1,1
0.11074918566775244,0.02280130293159609,98.44709167075862,True,1,43,4,10,5
0.034482758620689655,0.1206896551724138,48.64873794658007,False,0,11,1,1,1
0.03669724770642202,0.1651376146788991,40.83594963902744,False,0,14,0,1,1
0.017543859649122806,0.12280701754385964,47.749503410886746,False,0,6,1,0,0
0.04371584699453552,0.060109289617486336,76.79439338894417,True,1,10,1,3,1
0.06296296296296296,0.022222222222222223,93.36493061966397,False,1,30,3,4,3
0.015384615384615385,0.2,58.57053753962165,False,0,14,0,0,1
0.044386422976501305,0.007832898172323759,91.339412194,True,1,58,6,7,8
0.050359712230215826,0.07913669064748201,66.91774605490201,True,0,22,2,3,2
0.06030150753768844,0.01256281407035176,99.09460798048771,True,1,68,4,11,9
0.02247191011235955,0.07303370786516854,68.65764094949158,False,1,22,1,1,3
0.008771929824561403,0.10526315789473684,57.19746613697688,False,0,10,0,1,0
0.0777479892761394,0.013404825737265416,99.17847422820353,True,1,53,7,10,5
0.02127659574468085,0.20212765957446807,57.209346984648064,False,0,6,0,0,0
0.034482758620689655,0.1206896551724138,40.4631144186489,False,0,7,1,1,1
0.0299625468164794,0.026217228464419477,81.98242666287535,False,1,36,3,7,5
0.0,0.22093023255813954,46.23238375011528,False,0,14,1,0,0
0.059027777777777776,0.013888888888888888,95.60241463783052,True,0,58,5,10,5
0.03571428571428571,0.04017857142857143,91.73977344234315,False,0,23,3,4,5
0.07142857142857142,0.10317460317460317,69.88561002630499,True,0,23,2,1,3
0.04419889502762431,0.06629834254143646,77.5335606494684,True,0,22,1,3,2
0.04878048780487805,0.03902439024390244,87.97982477406173,True,1,39,4,5,5
0.031578947368421054,0.12631578947368421,48.81081828847104,False,0,6,1,1,0
0.044585987261146494,0.07006369426751592,65.26145818253069,True,0,18,1,3,2
0.04040404040404041,0.1919191919191919,44.07291482504048,False,0,12,1,1,0
0.05217391304347826,0.11304347826086956,69.02423293309232,True,0,14,2,2,3
0.026881720430107527,0.07526881720430108,69.67666470207533,False,0,13,1,3,1
0.07024793388429752,0.045454545454545456,84.60191424665152,False,1,23,3,4,5
0.044715447154471545,0.044715447154471545,83.64072480197875,True,0,28,4,5,5
0.053691275167785234,0.02348993288590604,83.21834781995004,True,1,22,4,4,3
0.03773584905660377,0.1320754716981132,59.84589780371541,False,0,6,1,1,1
0.04838709677419355,0.008064516129032258,93.92785646328704,True,1,62,4,6,8
0.05067567567567568,0.02027027027027027,81.18227115864175,True,0,28,2,6,4
0.06692913385826772,0.023622047244094488,97.84882983387794,True,0,48,4,5,8
0.045454545454545456,0.05555555555555555,79.79573257443339,False,0,23,1,2,3
0.03488372093023256,0.13953488372093023,52.5428204172123,False,0,14,0,1,0
0.04046242774566474,0.08670520231213873,67.97615151790345,False,0,11,2,2,1
0.030927835051546393,0.030927835051546393,89.054481498396,True,0,35,2,3,4
0.01,0.17,60.5836869236535,False,0,5,1,0,0
0.019230769230769232,0.11538461538461539,41.08640615752927,False,0,13,1,1,1
0.042105263157894736,0.17894736842105263,54.013483810419274,False,0,11,1,1,0
0.07547169811320754,0.05188679245283019,90.39457690660501,False,0,32,3,7,5
0.0,0.208955223880597,45.24661693197803,False,0,6,1,1,0
0.020942408376963352,0.06282722513089005,76.0160696381487,False,1,15,1,3,2
0.11418685121107267,0.02422145328719723,92.78966194420194,True,1,46,5,10,6
0.0421455938697318,0.038314176245210725,88.59915033129805,False,1,28,3,5,3
0.0711743772241993,0.017793594306049824,99.1027177125395,True,1,66,5,11,5
0.0,0.16455696202531644,46.59902135329678,False,0,5,1,1,0
0.09090909090909091,0.02356902356902357,96.04940813197754,True,1,69,4,8,6
0.10344827586206896,0.020689655172413793,95.67776956431878,True,1,57,7,11,6
0.0625,0.09722222222222222,79.07878393667758,False,0,13,2,1,3
0.04790419161676647,0.0658682634730539,72.05425904394855,False,1,12,2,3,2
0.03636363636363636,0.10909090909090909,64.44186035321769,False,0,6,1,0,0
0.048484848484848485,0.07878787878787878,76.06404644051634,False,0,23,2,1,2
0.021739130434782608,0.14130434782608695,41.5109136235141,False,0,9,0,0,1
0.05263157894736842,0.11278195488721804,74.24057792509936,False,0,16,1,2,3
0.08174386920980926,0.013623978201634877,94.79216257433517,True,1,69,7,10,5
0.0625,0.1015625,77.8648398236274,True,1,14,1,1,3
0.02962962962962963,0.1037037037037037,74.10900005152232,False,1,18,2,2,1
0.017964071856287425,0.0718562874251497,75.9355061424424,True,0,20,2,3,3
0.05161290322580645,0.09032258064516129,79.49084199147798,False,0,16,1,3,2
0.0,0.24615384615384617,54.48449318369872,False,0,10,0,1,0
0.031746031746031744,0.1111111111111111,74.88866805576308,False,1,10,2,2,1
0.0,0.13636363636363635,45.62242014326018,False,0,14,0,0,1
0.04827586206896552,0.08275862068965517,76.35725870461158,True,1,13,1,3,1
0.05042016806722689,0.09243697478991597,71.71435808998288,True,0,10,2,1,1
0.05128205128205128,0.029914529914529916,82.22200883024574,True,1,21,4,5,5
0.05357142857142857,0.03125,81.30121651705961,False,0,21,3,5,5
0.0196078431372549,0.37254901960784315,48.700333844087325,False,0,12,0,0,0
0.0,0.23636363636363636,58.93238930177982,False,0,5,1,1,1
0.037037037037037035,0.18518518518518517,64.46445987148435,False,0,8,0,0,0
0.02586206896551724,0.08620689655172414,67.5221162884212,True,0,22,2,3,1
0.043478260869565216,0.2608695652173913,56.8797353877906,False,0,6,0,0,1
0.029411764705882353,0.17647058823529413,46.314213978442176,False,0,5,1,1,1
0.05343511450381679,0.09923664122137404,79.85561314031956,False,0,20,1,3,3
0.03829787234042553,0.04680851063829787,89.68946393748742,False,0,23,3,3,3
0.010526315789473684,0.16842105263157894,62.875810586777106,False,0,9,1,1,0
0.03389830508474576,0.062146892655367235,77.82119198046088,True,0,16,1,3,1
0.0297029702970297,0.15841584158415842,45.72791534778498,False,0,7,1,0,0
0.06060606060606061,0.030303030303030304,85.87499814318213,True,0,20,4,4,4
0.01744186046511628,0.08139534883720931,71.36594439122804,True,0,16,2,2,3
0.02877697841726619,0.08633093525179857,72.05751078634523,False,0,17,2,3,3
0.07441860465116279,0.027906976744186046,89.45601389053999,False,1,35,2,7,5
0.04054054054054054,0.02702702702702703,83.67259326214281,True,0,38,4,4,3
0.0778816199376947,0.021806853582554516,95.05226477801673,True,1,41,4,6,9
0.06620209059233449,0.020905923344947737,97.05380559647418,True,0,63,4,9,9
0.04697986577181208,0.06711409395973154,70.69446301228452,False,0,24,2,3,3
0.044642857142857144,0.044642857142857144,86.28612024688161,False,0,31,3,5,5
0.0,0.1875,59.68314593643488,False,0,13,1,1,1
0.05434782608695652,0.036231884057971016,93.83653416505655,True,1,33,3,5,5
0.0,0.25806451612903225,63.155204360017095,False,0,8,0,0,1
0.021164021164021163,0.06878306878306878,77.19715085449005,False,0,19,2,1,1
0.12363636363636364,0.01090909090909091,96.0372671753513,True,1,49,5,11,5
0.0392156862745098,0.029411764705882353,82.46046097189084,True,0,25,2,5,3
0.04242424242424243,0.07272727272727272,78.11155694099317,False,0,16,1,3,3
0.052845528455284556,0.028455284552845527,90.7019292254975,False,0,32,3,4,4
0.0,0.16494845360824742,63.50779502319379,False,0,12,1,1,1
0.04878048780487805,0.2073170731707317,46.33113407600627,False,0,5,0,1,1
0.04424778761061947,0.008849557522123894,95.50743280891072,True,1,47,6,10,6
0.013513513513513514,0.22972972972972974,59.51301439674016,False,0,11,1,1,1
0.0,0.14444444444444443,62.626953194862025,False,0,6,1,1,1
0.015873015873015872,0.30158730158730157,45.03125911377924,False,0,8,1,0,1
0.049019607843137254,0.049019607843137254,89.79139633964188,True,1,38,3,5,3
0.011494252873563218,0.13793103448275862,49.15632514996186,False,0,10,1,1,1
0.0,0.32727272727272727,43.28038707329216,False,0,7,0,1,1
0.04,0.104,76.82872647662707,True,0,18,2,3,1
0.027522935779816515,0.1743119266055046,62.159409615609874,False,0,13,0,0,1
0.02030456852791878,0.06091370558375635,70.99943186875906,False,0,17,1,1,2
0.0,0.12037037037037036,43.82783614430496,False,0,11,0,1,1
0.0,0.20224719101123595,59.630071697820625,False,0,5,0,1,1
0.09473684210526316,0.014035087719298246,90.822332215106,True,1,69,7,11,7
0.03626943005181347,0.05181347150259067,77.60674372458209,False,1,11,2,1,3
0.02702702702702703,0.21621621621621623,56.499156945047744,False,0,12,1,1,0
0.04225352112676056,0.09859154929577464,78.965885463308,False,0,17,2,2,3
0.0,0.18947368421052632,40.0255574898612,False,0,11,0,0,0
0.09266409266409266,0.015444015444015444,92.51788453346884,True,0,43,5,11,9
0.05232558139534884,0.0872093023255814,70.53323782333834,False,0,16,1,3,2
0.0547945205479452,0.0684931506849315,68.12541183612286,False,1,15,1,3,3
0.03787878787878788,0.012626262626262626,97.69485387315586,True,0,42,6,6,8
0.032,0.088,65.13508496396713,False,0,23,1,3,3
0.03553299492385787,0.07614213197969544,74.02076334153097,True,0,15,2,1,1
0.0,0.1743119266055046,51.32495252074909,False,0,11,0,0,1
0.0,0.125,48.17444058106848,False,0,13,0,0,0
0.0,0.1271186440677966,58.494909298402476,False,0,14,1,1,1
0.06349206349206349,0.10317460317460317,66.89843204760139,True,1,23,1,3,1
0.06968641114982578,0.013937282229965157,93.02383606112427,True,1,52,7,5,9
0.05759162303664921,0.031413612565445025,93.58059782393642,False,1,38,2,7,5
0.06779661016949153,0.1016949152542373,76.24980476569962,False,0,11,1,1,3
0.055415617128463476,0.012594458438287154,90.91011806882517,True,0,43,6,8,5
0.045454545454545456,0.0625,77.68128802551155,False,0,14,2,2,3
0.08813559322033898,0.020338983050847456,94.09838478109594,True,1,51,6,8,9
0.02097902097902098,0.0979020979020979,68.3742506581555,True,0,13,2,3,1
0.019230769230769232,0.09615384615384616,75.50282388941079,False,0,11,1,2,1
0.0,0.27586206896551724,50.093915261958664,False,0,6,1,0,0
0.09570957095709572,0.0231023102310231,97.51876244369191,True,0,62,6,8,5
0.11929824561403508,0.014035087719298246,94.97575144154135,True,0,58,4,8,6
0.02654867256637168,0.11504424778761062,53.87706503594128,False,0,9,1,1,0
0.05423728813559322,0.020338983050847456,91.3264095094722,True,0,20,3,3,4
0.0,0.2112676056338028,51.47017385672589,False,0,9,0,0,1
0.05202312138728324,0.057803468208092484,72.45085739147267,False,0,24,1,2,2
0.058823529411764705,0.02422145328719723,90.95366249405386,True,1,26,3,4,4
0.06930693069306931,0.0297029702970297,90.91564277610857,False,1,38,4,6,5
0.08394160583941605,0.01824817518248175,92.47351371817743,True,1,56,4,6,5
0.04868913857677903,0.033707865168539325,81.92415158693849,False,1,31,3,6,5
0.041044776119402986,0.026119402985074626,80.74711816375132,False,0,38,3,4,5
0.03180212014134275,0.028268551236749116,94.10264094951584,True,1,33,2,3,5
0.04419889502762431,0.06077348066298342,66.4230606901277,True,0,17,1,2,1
0.02158273381294964,0.07194244604316546,73.29245534138599,False,0,16,2,3,2
0.04666666666666667,0.08,68.37125057266036,False,0,13,2,1,2
0.06382978723404255,0.03404255319148936,93.15732350556792,True,0,29,3,4,4
0.03088803088803089,0.023166023166023165,80.45908244505357,False,0,33,3,7,3
0.05303030303030303,0.007575757575757576,91.17599616598702,True,1,66,4,5,9
0.02857142857142857,0.08571428571428572,65.08705653264411,False,0,22,2,2,2
0.054313099041533544,0.009584664536741214,93.6074774505521,True,1,43,6,8,7
0.07960199004975124,0.04975124378109453,90.60901877999659,True,1,26,2,6,4
0.0845771144278607,0.04975124378109453,87.8852908387926,True,1,31,3,5,4
0.046357615894039736,0.07947019867549669,70.3457364571816,False,0,16,2,3,3
0.02654867256637168,0.11504424778761062,43.36801112726659,False,0,7,1,1,1
0.0,0.2,63.11868689660904,False,0,13,0,1,0
0.07712765957446809,0.013297872340425532,92.5542828104609,True,1,41,4,10,9
0.035856573705179286,0.02390438247011952,87.84045896957555,True,0,26,3,4,4
0.12167300380228137,0.026615969581749048,98.57327823533552,True,1,63,4,7,9
0.04,0.02909090909090909,94.24306155670477,False,0,37,3,5,4
0.058365758754863814,0.027237354085603113,90.9043080309965,True,1,24,3,7,5
0.03496503496503497,0.1048951048951049,78.98242578820448,False,0,13,2,2,3
0.07575757575757576,0.045454545454545456,92.28845865260153,False,1,38,2,6,3
0.0,0.20588235294117646,56.69932652055462,False,0,14,1,0,1
0.03914590747330961,0.03558718861209965,87.10712652440208,False,1,30,2,7,4
0.04411764705882353,0.0392156862745098,80.90330546667855,False,0,21,3,4,5
0.0,0.18840579710144928,63.08022089680475,False,0,5,0,1,0
0.05592105263157895,0.01644736842105263,94.33080203602131,True,1,62,7,6,8
0.04395604395604396,0.18681318681318682,47.7760426264246,False,0,6,0,0,0
0.12307692307692308,0.019230769230769232,99.058764220962,True,1,62,6,5,8
0.04,0.32,50.19350617324299,False,0,6,1,1,1
0.05555555555555555,0.24074074074074073,63.153958263146706,False,0,14,0,1,1
0.012987012987012988,0.22077922077922077,49.734671366692304,False,0,7,0,0,1
0.07547169811320754,0.013477088948787063,93.16963653698002,True,1,43,7,9,8
0.046632124352331605,0.06735751295336788,65.64520946570083,True,0,14,1,3,3
0.05670103092783505,0.030927835051546393,92.53538880789039,True,1,26,2,5,5
0.07272727272727272,0.015151515151515152,92.22353019210314,True,1,57,6,7,7
0.09550561797752809,0.011235955056179775,98.7715860426614,True,1,55,4,11,8
0.06779661016949153,0.3050847457627119,57.569571929149376,False,0,8,0,1,0
0.03804347826086957,0.059782608695652176,67.24076820156841,False,1,12,2,3,1
0.04,0.2,42.35424245618093,False,0,10,1,1,1
0.042105263157894736,0.06315789473684211,75.43460323578404,True,0,11,2,3,1
0.0,0.19767441860465115,44.20963245757636,False,0,5,0,1,0
0.04878048780487805,0.15853658536585366,64.70508731817435,False,0,14,1,1,1
0.050359712230215826,0.07913669064748201,66.62226134035498,False,0,22,2,2,3
0.05405405405405406,0.21621621621621623,52.73222476699816,False,0,5,0,1,0
0.04819277108433735,0.012048192771084338,93.00227111541386,True,1,43,5,11,9
0.03484320557491289,0.03484320557491289,85.72431566264906,True,1,27,4,5,4
0.0,0.2222222222222222,59.86380736054264,False,0,7,0,0,0
0.06128133704735376,0.019498607242339833,90.59710904876391,True,1,58,5,10,5
0.07911392405063292,0.015822784810126583,92.92290172709254,True,1,44,7,5,8
0.06683804627249357,0.017994858611825194,99.28216795647594,True,1,55,7,11,8
0.031446540880503145,0.0880503144654088,75.83691965508432,True,0,19,1,2,2
0.03759398496240601,0.09022556390977443,75.18317348585894,False,0,11,2,2,3
0.06181818181818182,0.025454545454545455,94.12961648215385,False,1,36,3,4,3
0.0,0.22535211267605634,55.237628061235775,False,0,6,1,0,1
0.02976190476190476,0.08333333333333333,74.94083635052266,False,0,24,2,2,3
0.0593607305936073,0.0502283105022831,80.92520444379643,False,0,34,3,3,5
0.10810810810810811,0.015444015444015444,95.54512555690965,True,1,43,5,11,7
0.00980392156862745,0.18627450980392157,64.7547947312918,False,0,14,1,1,0
0.037267080745341616,0.08074534161490683,74.33838204982466,False,0,14,1,3,1
0.0273972602739726,0.08904109589041095,70.84439026037016,False,0,23,2,1,3
0.01935483870967742,0.09032258064516129,78.67272992250777,True,0,11,1,2,3
0.05555555555555555,0.19444444444444445,50.80567688727606,False,0,9,0,1,1
0.12301587301587301,0.027777777777777776,91.01933805382609,True,1,42,5,7,9
0.030534351145038167,0.0916030534351145,74.86390748365815,True,0,12,1,3,1
0.07272727272727272,0.1,69.19163633353841,False,1,21,2,3,3
0.022988505747126436,0.1839080459770115,48.7017592715285,False,0,10,0,1,0
0.07291666666666667,0.024305555555555556,93.65996408289936,True,1,64,4,7,5
0.056962025316455694,0.0949367088607595,73.90696189123139,False,0,14,1,2,2
0.03571428571428571,0.11607142857142858,66.70643693720977,False,0,16,1,3,3
0.017857142857142856,0.30357142857142855,46.1327624496495,False,0,8,1,1,1
0.030534351145038167,0.08396946564885496,74.22689873825468,False,0,12,1,2,1
0.010869565217391304,0.1956521739130435,40.279982631392606,False,0,13,0,0,0
0.0,0.1262135922330097,42.910007945759396,False,0,8,1,1,1
0.02654867256637168,0.10619469026548672,63.625144575217035,False,0,9,1,0,1
0.05357142857142857,0.025,94.17253179531106,True,0,36,4,4,3
0.04375,0.0625,75.60309268315157,False,0,10,1,2,2
0.0,0.20238095238095238,62.164102815778804,False,0,5,1,0,1
0.037383177570093455,0.11214953271028037,77.88773299116663,False,0,17,2,2,3
0.05,0.12,67.17347988961019,False,1,10,2,2,1
0.10060975609756098,0.01524390243902439,90.18872254590605,True,1,42,7,10,6
0.0421455938697318,0.03065134099616858,91.28708022580608,True,0,20,3,7,3
0.10033444816053512,0.013377926421404682,94.34218596168418,True,0,48,5,10,7
0.03314917127071823,0.06077348066298342,69.70120047280506,False,0,19,2,1,1
0.01507537688442211,0.06532663316582915,79.84838243359812,False,0,21,2,2,3
0.08521303258145363,0.010025062656641603,92.69210057875623,True,1,42,6,6,5
0.04522613065326633,0.07035175879396985,67.87815069653536,False,0,13,2,2,2
0.05338078291814947,0.03914590747330961,90.13183427034876,False,0,22,2,4,3
0.0,0.288135593220339,53.252212422860595,False,0,6,0,0,0
0.0375,0.075,70.54892142958488,False,0,18,2,3,1
0.015957446808510637,0.0797872340425532,72.43760046656035,True,1,14,2,3,2
0.06766917293233082,0.09022556390977443,72.26319598639685,True,1,18,1,3,3
0.08633093525179857,0.01079136690647482,94.30761158361736,True,1,62,4,10,8
0.057534246575342465,0.01643835616438356,96.27138394061117,True,1,51,7,9,9
0.05019305019305019,0.03088803088803089,92.44936263734273,False,1,29,3,6,3
0.07692307692307693,0.017094017094017096,96.03417578472283,True,1,45,4,11,8
0.033112582781456956,0.0728476821192053,76.41665882727887,False,1,16,2,1,2
0.07657657657657657,0.02702702702702703,80.80010244507775,False,1,20,3,3,5
0.046875,0.28125,48.88168045143334,False,0,14,1,1,1
0.022727272727272728,0.20454545454545456,63.278279389221225,False,0,11,1,0,0
0.056910569105691054,0.036585365853658534,90.63985779163951,True,0,35,2,4,4
0.031055900621118012,0.062111801242236024,79.5710277291297,False,1,11,1,1,3
0.10276679841897234,0.015810276679841896,95.94104638275425,True,1,41,6,6,6
0.06,0.11,72.63817377869064,True,0,10,1,3,3
0.049107142857142856,0.049107142857142856,87.86878368610286,False,0,34,4,7,3
0.028037383177570093,0.1308411214953271,48.59267730339045,False,0,5,0,1,0
0.010526315789473684,0.18947368421052632,58.105245770333994,False,0,7,0,0,1
0.0794392523364486,0.028037383177570093,93.76138779206752,True,1,26,2,7,5
0.052980132450331126,0.09271523178807947,72.88324505225344,False,1,15,2,3,1
0.04526748971193416,0.03292181069958848,82.26636571408079,True,1,34,3,3,5
0.05263157894736842,0.19736842105263158,55.89686318327517,False,0,7,0,1,0
0.02857142857142857,0.24285714285714285,45.97466469389191,False,0,9,1,1,0
0.04864864864864865,0.08108108108108109,70.97611523246049,False,0,10,2,3,1
0.037383177570093455,0.12149532710280374,46.926139907085556,False,0,5,0,1,1
0.03418803418803419,0.10256410256410256,69.79472041381437,False,0,15,2,1,2
0.061068702290076333,0.0916030534351145,69.0434253987869,False,0,13,2,1,2
0.039525691699604744,0.043478260869565216,81.10944780906433,False,1,36,2,4,5
0.05263157894736842,0.11403508771929824,79.97917140556181,False,0,22,1,2,2
0.019867549668874173,0.07947019867549669,65.31745720973058,False,0,10,1,1,1
0.04060913705583756,0.07614213197969544,66.73770728896008,False,0,22,1,2,2
0.05172413793103448,0.27586206896551724,60.322620768819974,False,0,10,0,1,1
0.06028368794326241,0.02127659574468085,88.5611561259998,True,1,26,2,7,5
0.05263157894736842,0.19736842105263158,52.38772943326596,False,0,10,0,1,0
0.03296703296703297,0.03663003663003663,81.04678676000697,False,0,33,3,4,5
0.009615384615384616,0.125,46.318566718711324,False,0,8,0,1,1
0.03690036900369004,0.033210332103321034,80.28176489130773,True,1,29,3,3,4
0.03571428571428571,0.14285714285714285,62.60421373869317,False,0,7,0,1,0
0.0234375,0.109375,71.87991231556981,True,0,15,2,3,1
0.014285714285714285,0.2571428571428571,62.17051668358805,False,0,5,1,1,1
0.03937007874015748,0.007874015748031496,99.35871291964457,True,1,40,6,6,5
0.06557377049180328,0.09836065573770492,78.02759706028087,False,0,12,1,1,2
0.046875,0.1875,40.20874343784424,False,0,14,0,1,1
0.017543859649122806,0.2982456140350877,41.06196916579503,False,0,9,0,1,1
0.06639004149377593,0.024896265560165973,81.42028062091885,True,1,31,2,3,3
0.035842293906810034,0.02867383512544803,86.74379898667668,True,1,23,4,3,3
0.0449438202247191,0.16853932584269662,42.86965696651531,False,0,7,1,0,0
0.0514018691588785,0.0514018691588785,84.50288276458497,True,0,21,4,7,3
0.030927835051546393,0.16494845360824742,50.75464666946283,False,0,8,1,1,0
0.06451612903225806,0.2903225806451613,46.05589150189518,False,0,11,1,1,0
0.012658227848101266,0.21518987341772153,64.97726919493277,False,0,14,1,0,1
0.07142857142857142,0.21428571428571427,42.33320300674566,False,0,13,1,1,1
0.06896551724137931,0.08620689655172414,70.42073917348314,False,0,15,2,2,1
0.07957559681697612,0.01856763925729443,99.02346056427587,True,1,48,5,8,7
0.05351170568561873,0.033444816053511704,80.22245243647562,True,1,23,2,7,4
0.040892193308550186,0.02973977695167286,84.97859427346245,True,1,20,2,3,5
0.009900990099009901,0.1188118811881188,40.15208277287398,False,0,8,1,0,1
0.03007518796992481,0.022556390977443608,88.40569790205153,False,0,28,2,3,3
0.057692307692307696,0.28846153846153844,57.295464653126274,False,0,14,0,0,1
0.060714285714285714,0.02857142857142857,94.93322112932378,True,0,33,4,6,3
0.05442176870748299,0.07482993197278912,79.83776246549144,True,1,21,2,3,2
0.0498220640569395,0.03558718861209965,82.65202499696096,False,1,33,2,4,5
0.07109004739336493,0.04739336492890995,85.68948189008282,True,1,29,3,4,4
0.0297029702970297,0.1782178217821782,48.35193043544618,False,0,12,0,0,1
0.07309941520467836,0.014619883040935672,98.32225783503905,True,1,63,4,11,6
0.03389830508474576,0.11864406779661017,54.72790859569156,False,0,9,0,1,1
0.07947019867549669,0.009933774834437087,96.79197455352279,True,1,45,4,5,8
0.040697674418604654,0.0755813953488372,77.11253787670735,False,0,24,1,3,2
0.07086614173228346,0.11811023622047244,67.62836438549172,True,1,14,1,3,1
0.04693140794223827,0.039711191335740074,88.24046827166403,False,1,22,4,7,3
0.06097560975609756,0.024390243902439025,86.43127112512032,True,1,30,2,3,4
0.04390243902439024,0.02926829268292683,89.36435601174904,False,1,33,2,4,5
0.04529616724738676,0.027874564459930314,91.23673368538806,True,0,20,3,3,5
0.020618556701030927,0.15463917525773196,61.277297055803615,False,0,11,1,1,0
0.036231884057971016,0.08695652173913043,75.89662037161125,False,0,12,2,1,2
0.011235955056179775,0.15730337078651685,62.478632211125415,False,0,8,0,0,1
0.034482758620689655,0.05747126436781609,66.85820847943343,False,1,14,2,3,2
0.0,0.13,48.28485347356593,False,0,6,0,1,1
0.0380952380952381,0.13333333333333333,71.26876527247157,False,0,16,1,2,2
0.045454545454545456,0.0625,74.38384375204629,False,0,11,1,3,1
0.04878048780487805,0.1951219512195122,46.313863685215125,False,0,13,1,1,1
0.04912280701754386,0.028070175438596492,92.93454854039598,False,1,37,3,6,4
0.04155844155844156,0.012987012987012988,98.47564796278495,True,1,55,6,6,5
0.09570957095709572,0.019801980198019802,97.07096076161112,True,1,44,6,7,6
0.04406779661016949,0.02711864406779661,92.35176212284361,False,0,39,3,5,3
0.06504065040650407,0.08943089430894309,69.0879675356031,False,0,20,2,2,3
0.012987012987012988,0.2077922077922078,55.38771388162608,False,0,13,0,0,1
0.045317220543806644,0.015105740181268883,91.56244114251916,True,1,43,4,10,5
0.08490566037735849,0.14150943396226415,68.22849098158599,False,0,24,1,2,2
0.024390243902439025,0.2073170731707317,60.077364397015884,False,0,8,1,0,1
0.08900523560209424,0.007853403141361256,93.62292998316487,True,1,60,5,7,9
0.047619047619047616,0.05291005291005291,73.30467826998853,True,0,14,2,2,1
0.0,0.23529411764705882,55.35109017431409,False,0,8,0,0,0
0.08093994778067885,0.007832898172323759,93.11192444354377,True,1,65,4,9,9
0.08021390374331551,0.03208556149732621,81.95680230766041,True,0,32,2,3,4
0.11333333333333333,0.01,92.64767173744754,True,1,43,6,6,9
0.010416666666666666,0.125,48.208801845267956,False,0,13,1,1,1
0.01904761904761905,0.11428571428571428,51.640467370949054,False,0,5,0,1,0
0.0896551724137931,0.02413793103448276,91.75809883410591,True,0,45,4,8,8
0.03686635944700461,0.03225806451612903,94.03959662314202,False,0,25,3,3,5
0.018518518518518517,0.07407407407407407,68.18937124045262,False,0,10,1,2,2
0.08737864077669903,0.1262135922330097,79.72590826072488,False,0,16,1,1,1
0.014925373134328358,0.1791044776119403,54.245636933303345,False,0,14,1,1,0
0.056179775280898875,0.008426966292134831,96.01471100881207,True,1,36,6,11,7
0.03409090909090909,0.17045454545454544,59.10031564164302,False,0,13,1,1,1
0.023121387283236993,0.08092485549132948,78.33857206290239,False,1,24,1,1,3
0.05084745762711865,0.11864406779661017,69.67524885268942,False,0,15,2,3,2
0.06206896551724138,0.02413793103448276,90.17151680696614,True,1,64,4,10,9
0.04807692307692308,0.1346153846153846,65.12457261684995,True,0,24,2,1,2
0.017094017094017096,0.1623931623931624,62.80161132190973,False,0,9,0,0,0
0.010416666666666666,0.17708333333333334,44.455860581733056,False,0,7,1,1,0
0.022727272727272728,0.20454545454545456,56.49328830651893,False,0,9,0,0,0
0.1038961038961039,0.00974025974025974,91.20090706571551,True,0,45,7,5,7
0.01098901098901099,0.1978021978021978,45.289320162232556,False,0,7,0,1,1
0.09090909090909091,0.058823529411764705,85.05994296655122,True,1,34,4,4,3
0.030864197530864196,0.08641975308641975,70.94913199001518,False,0,18,1,3,2
0.0,0.19047619047619047,40.368097296533286,False,0,6,1,1,0
0.0380952380952381,0.09523809523809523,76.33564883738589,False,1,17,2,1,2
0.08053691275167785,0.020134228187919462,98.27480959757006,True,1,51,4,9,6
0.027777777777777776,0.05555555555555555,69.03195644250467,True,0,12,1,2,1
0.05504587155963303,0.04128440366972477,93.20160000809607,False,1,38,4,5,4
0.02702702702702703,0.0945945945945946,79.6684398167919,False,0,22,1,3,2
0.037037037037037035,0.032407407407407406,89.6887478960827,True,1,29,3,3,5
0.03125,0.19791666666666666,44.53744070677103,False,0,10,1,0,1
0.07547169811320754,0.22641509433962265,43.028464346222535,False,0,14,0,1,0
0.05,0.025,91.86608215217169,False,1,39,3,6,4
0.009009009009009009,0.15315315315315314,64.2516134255041,False,0,9,0,0,1
0.05970149253731343,0.11194029850746269,68.26498814098908,False,0,13,2,3,1
0.03636363636363636,0.16363636363636364,56.944012359066775,False,0,10,1,1,0
0.015625,0.28125,49.589531313581446,False,0,6,1,1,1
0.046822742474916385,0.023411371237458192,92.60012748385998,True,0,21,4,4,4
0.03361344537815126,0.08403361344537816,74.39937642314618,True,0,20,2,3,2
0.00847457627118644,0.1440677966101695,64.56206627652767,False,0,10,1,0,1
0.12087912087912088,0.02564102564102564,92.96994891139417,True,1,57,4,9,6
0.05928853754940711,0.02766798418972332,94.64518864811718,True,1,52,6,8,9
0.01948051948051948,0.08441558441558442,74.79907348749116,False,0,22,1,1,1
0.049107142857142856,0.04017857142857143,81.18025485412846,False,1,24,2,7,3
0.04838709677419355,0.2903225806451613,50.44255441696514,False,0,9,1,0,0
0.06589147286821706,0.04263565891472868,90.2444662803303,True,1,21,3,7,5
0.054945054945054944,0.04945054945054945,91.68656281007969,True,0,33,3,3,5
0.0398406374501992,0.0398406374501992,85.53981416317514,False,0,38,2,7,3
0.03076923076923077,0.07692307692307693,66.0783418190002,False,0,12,1,1,3
0.01,0.18,42.242698785990775,False,0,6,0,1,1
0.030927835051546393,0.12371134020618557,51.69369583500409,False,0,7,1,1,1
0.02127659574468085,0.0851063829787234,73.98251021975877,True,0,20,1,3,3
0.0,0.2631578947368421,64.65907254242202,False,0,12,1,1,0
0.0,0.2054794520547945,56.07210037478132,False,0,13,1,1,1
0.0,0.2,54.982289555503534,False,0,9,0,1,0
0.035897435897435895,0.06666666666666667,66.4347289933401,False,0,18,2,1,3
0.06746031746031746,0.027777777777777776,84.09234003320303,False,0,37,3,4,3
0.06007067137809187,0.03180212014134275,80.71524716374645,False,1,31,2,5,3
0.05084745762711865,0.22033898305084745,57.971601822095266,False,0,11,0,1,0
0.0625,0.04326923076923077,92.5388610954172,True,0,21,3,3,3
0.06860158311345646,0.013192612137203167,91.50659738207669,True,1,69,5,11,9
0.017094017094017096,0.1452991452991453,57.068923118338,False,0,7,0,1,1
0.06201550387596899,0.023255813953488372,92.5065598004157,True,0,62,4,7,7
0.022988505747126436,0.05747126436781609,68.03026755983589,True,0,12,2,3,3
0.049079754601226995,0.09202453987730061,74.92835832051351,False,0,10,1,3,3
0.015625,0.234375,55.32534902629929,False,0,9,0,1,1
0.060714285714285714,0.025,91.20840451333959,True,0,58,6,7,7
0.021505376344086023,0.053763440860215055,78.96265504524791,False,0,14,1,3,1
0.052434456928838954,0.04119850187265917,87.31921863885597,False,1,27,3,6,3
0.019801980198019802,0.1782178217821782,56.41642391557113,False,0,5,0,0,1
0.07211538461538461,0.03365384615384615,82.26105489546752,True,1,39,2,5,3
0.0,0.15217391304347827,44.46332261349287,False,0,10,0,1,0
0.010101010101010102,0.16161616161616163,59.0579690423494,False,0,9,1,1,1
0.04285714285714286,0.2571428571428571,40.4579835650886,False,0,5,1,0,0
0.031746031746031744,0.2222222222222222,48.98077851554308,False,0,10,1,0,0
0.0,0.13559322033898305,58.749760803542586,False,0,11,0,1,0
0.06060606060606061,0.25757575757575757,59.12671435942593,False,0,10,0,0,0
0.019417475728155338,0.1650485436893204,47.18384154354992,False,0,6,0,0,0
0.04375,0.075,67.67911863985479,True,0,15,2,3,2
0.0,0.2361111111111111,61.36366254338225,False,0,14,1,1,1
0.06882591093117409,0.03643724696356275,81.17074292599838,True,0,22,2,4,5
0.009174311926605505,0.11009174311926606,62.29669959377703,False,0,8,0,0,0
0.09,0.14,66.25853812742297,False,0,24,1,3,1
0.04938271604938271,0.09259259259259259,69.37187626486845,False,0,11,1,2,1
0.10927152317880795,0.016556291390728478,98.53111824236724,True,1,55,7,7,7
0.06349206349206349,0.023809523809523808,81.13032344343338,True,1,31,2,3,5
0.018867924528301886,0.32075471698113206,59.86823351840697,False,0,13,0,1,0
0.017241379310344827,0.3275862068965517,59.590568561085746,False,0,5,1,1,1
0.0,0.15151515151515152,62.18227504443324,False,0,14,0,0,0
0.05172413793103448,0.3103448275862069,62.48567055434617,False,0,14,0,0,1
0.04150943396226415,0.022641509433962263,94.94220246400008,False,1,38,2,5,4
0.09121621621621621,0.02364864864864865,99.18111338760562,True,1,53,5,8,7
0.0,0.25757575757575757,59.77785295503599,False,0,6,1,0,1
0.01904761904761905,0.1523809523809524,41.623090574496025,False,0,12,1,0,1
0.03125,0.125,58.892044426238,False,0,13,0,0,0
0.052083333333333336,0.027777777777777776,86.66573543451597,True,0,26,2,4,5
0.11683848797250859,0.010309278350515464,90.03504663531058,True,1,52,6,8,6
0.017857142857142856,0.15178571428571427,62.084662176225564,False,0,5,0,0,0
0.07672634271099744,0.015345268542199489,99.82264561355696,True,1,38,4,7,5
0.046948356807511735,0.04225352112676056,81.39890180271247,True,1,39,4,4,3
0.0297029702970297,0.13861386138613863,53.580274678470104,False,0,10,1,1,1
0.0,0.12871287128712872,57.32272878920202,False,0,8,0,1,0
0.08333333333333333,0.10185185185185185,79.21477479621633,False,0,19,1,2,3
0.05974025974025974,0.01818181818181818,97.39417913665865,True,1,53,6,11,8
0.08571428571428572,0.014285714285714285,95.59958902562816,True,1,52,6,6,6
0.009615384615384616,0.15384615384615385,51.88943524296166,False,0,11,0,0,0
0.030303030303030304,0.2878787878787879,51.10360505550299,False,0,5,0,1,0
0.07407407407407407,0.12962962962962962,74.67075256722114,False,0,19,2,2,1
0.0456989247311828,0.010752688172043012,95.86754796691388,True,0,55,6,5,6
0.0,0.15294117647058825,55.03440528607901,False,0,10,0,0,0
0.07788944723618091,0.007537688442211055,91.81062899115965,True,1,65,4,11,6
0.02586206896551724,0.15517241379310345,44.781974697422434,False,0,14,1,1,1
0.04405286343612335,0.030837004405286344,91.3711459593811,True,0,39,2,7,5
0.0425531914893617,0.20212765957446807,44.10286098989476,False,0,12,1,1,1
0.008547008547008548,0.1111111111111111,45.02176839229144,False,0,5,1,1,0
0.04938271604938271,0.07407407407407407,79.5429881230253,False,0,22,1,2,3
0.008771929824561403,0.14035087719298245,48.27271457695065,False,0,8,1,1,1
0.05982905982905983,0.029914529914529916,80.99624606722152,True,0,37,4,4,5
0.08148148148148149,0.014814814814814815,92.63221402867134,True,1,57,5,9,7
0.061452513966480445,0.019553072625698324,93.40816768870017,True,1,68,4,6,5
0.02040816326530612,0.08163265306122448,69.50584705939957,False,0,15,2,2,3
0.05454545454545454,0.32727272727272727,57.58451713950345,False,0,10,1,1,1
0.01910828025477707,0.08917197452229299,65.7690549869473,False,0,21,2,2,1
0.040229885057471264,0.06896551724137931,77.62537652145505,False,0,14,1,3,3
0.03571428571428571,0.08928571428571429,70.26917558676712,False,1,22,2,1,1
0.03018867924528302,0.03018867924528302,94.79730601894535,False,0,34,3,6,3
0.04838709677419355,0.08870967741935484,70.17806046559676,False,0,10,1,2,3
0.05204460966542751,0.02973977695167286,92.60504357331625,False,1,28,3,3,4
0.024096385542168676,0.18072289156626506,56.6269359999607,False,0,6,0,0,0
0.056818181818181816,0.026515151515151516,93.06248931928025,False,0,22,3,4,4
0.07272727272727272,0.23636363636363636,60.686143399490334,False,0,13,1,0,1
0.016042780748663103,0.053475935828877004,70.76160222013688,True,1,22,1,3,2
0.015151515151515152,0.2878787878787879,56.855914040704974,False,0,10,0,0,1
0.05357142857142857,0.3392857142857143,64.77713345338398,False,0,6,1,1,1
0.030303030303030304,0.12121212121212122,50.35924019766394,False,0,7,1,1,1
0.06190476190476191,0.0380952380952381,80.3215979993467,True,1,37,4,3,5
0.04,0.096,74.01854086938357,False,1,15,2,3,1
0.05555555555555555,0.3148148148148148,63.92221106582416,False,0,12,0,0,0
0.04225352112676056,0.03755868544600939,88.23912512192373,False,0,36,4,4,3
0.06451612903225806,0.12096774193548387,77.53043531268338,False,0,13,1,2,2
0.037267080745341616,0.08695652173913043,75.18269577543292,True,0,10,1,2,2
0.0,0.35294117647058826,62.189724767971455,False,0,13,0,1,0
0.06319702602230483,0.03345724907063197,80.75863349118515,False,0,27,3,7,5
0.028070175438596492,0.021052631578947368,93.40295002727194,True,1,25,2,7,4
0.05338078291814947,0.021352313167259787,90.19112836392695,True,0,36,2,6,4
0.04897959183673469,0.036734693877551024,80.30511246601401,True,1,30,2,4,5
0.041666666666666664,0.0763888888888889,65.48243712465576,True,0,15,2,2,1
0.03821656050955414,0.07006369426751592,73.33806644594758,True,0,18,1,1,3
0.05555555555555555,0.008771929824561403,95.29886313980188,True,1,51,7,7,9
0.03546099290780142,0.09929078014184398,65.9573905206457,False,0,10,2,1,3
0.034482758620689655,0.08620689655172414,71.1601437242405,False,0,13,2,3,1
0.0,0.1875,44.60325057702962,False,0,5,1,1,0
0.05185185185185185,0.07407407407407407,68.08357588022609,False,0,20,1,3,1
0.09923664122137404,0.026717557251908396,92.76780081465775,True,1,44,5,9,8
0.08247422680412371,0.03608247422680412,83.05817513932399,True,0,33,3,3,3
0.0,0.22535211267605634,58.23774999896918,False,0,9,0,0,0
0.07109004739336493,0.04739336492890995,88.64344117666901,True,1,26,3,5,3
0.05325443786982249,0.07100591715976332,72.88668960227429,False,0,12,2,1,2
0.03954802259887006,0.05649717514124294,72.94848763707512,True,0,21,2,2,3
0.07258064516129033,0.08870967741935484,72.5537266612169,False,1,11,2,2,2
0.09345794392523364,0.01557632398753894,98.65149334771371,True,1,64,5,11,7
0.0,0.16161616161616163,57.806222296100344,False,0,13,0,0,1
0.04240282685512368,0.028268551236749116,83.67730919157115,True,1,33,3,7,4
0.047619047619047616,0.11904761904761904,73.8898797182817,False,1,22,1,1,3
0.013157894736842105,0.25,64.15634268100224,False,0,8,0,0,1
0.010309278350515464,0.16494845360824742,57.530753810212516,False,0,7,0,1,1
0.04411764705882353,0.25,50.55819697757488,False,0,13,0,1,0
0.045454545454545456,0.13636363636363635,49.760583154847296,False,0,9,1,1,0
0.01818181818181818,0.34545454545454546,63.10930115899909,False,0,13,1,1,1
0.06481481481481481,0.027777777777777776,93.49839580449151,False,1,20,4,3,5
0.04580152671755725,0.10687022900763359,66.36348352211822,False,0,14,1,2,2
0.015151515151515152,0.2727272727272727,46.326055145497406,False,0,10,1,0,1
0.02,0.14,56.339055548950626,False,0,12,0,0,1
0.0847953216374269,0.011695906432748537,97.66711674420718,True,0,68,7,5,5
0.041666666666666664,0.19444444444444445,64.3145758137833,False,0,11,1,0,0
0.03636363636363636,0.2545454545454545,48.98337998468149,False,0,14,1,0,0
0.0,0.2982456140350877,44.97374274179976,False,0,5,0,0,0
0.0784313725490196,0.10784313725490197,71.34521669362644,False,1,20,1,2,1
0.038560411311053984,0.015424164524421594,94.2468349169696,True,0,56,7,6,6
0.04316546762589928,0.1079136690647482,66.80574447161929,False,0,17,1,1,3
0.05944055944055944,0.03496503496503497,90.1103441990245,False,0,39,2,4,4
0.03861003861003861,0.02702702702702703,90.2269521692658,False,0,32,2,3,3
0.05907172995780591,0.03375527426160337,91.59206739292611,False,1,29,4,4,5
0.072,0.08,76.16961194517809,True,1,18,1,3,2
0.010752688172043012,0.13978494623655913,62.21790236531866,False,0,13,1,0,1
0.022222222222222223,0.06666666666666667,72.6842711457532,True,0,17,1,1,3
0.016853932584269662,0.056179775280898875,70.4533444080151,True,0,11,2,3,3
0.07480314960629922,0.023622047244094488,97.11903742441305,True,1,57,6,11,6
0.043010752688172046,0.053763440860215055,76.9487141002272,False,0,13,1,2,1
0.018518518518518517,0.12962962962962962,47.85787196811731,False,0,6,1,1,1
0.041237113402061855,0.17525773195876287,63.68067568366777,False,0,9,1,1,1
0.01818181818181818,0.15454545454545454,45.15729537680909,False,0,14,0,0,1
0.09797297297297297,0.013513513513513514,92.72247536370472,True,1,67,6,11,6
0.04895104895104895,0.09090909090909091,69.88605533675648,False,0,15,2,1,3
0.030303030303030304,0.12121212121212122,44.598685446184604,False,0,11,0,0,0
0.06896551724137931,0.03017241379310345,85.63590885593653,False,1,24,2,6,5
0.038834951456310676,0.10679611650485436,77.04488026800729,True,1,10,1,3,1
0.046762589928057555,0.025179856115107913,84.45530343216224,True,1,24,3,5,3
0.05821917808219178,0.030821917808219176,89.43290878016754,True,1,37,2,6,4
0.06007067137809187,0.024734982332155476,90.08883803828827,True,1,43,4,6,9
0.010869565217391304,0.16304347826086957,62.71237168633236,False,0,6,1,1,0
0.015384615384615385,0.23076923076923078,52.20845359988297,False,0,6,1,0,1
0.05172413793103448,0.27586206896551724,49.92881249857301,False,0,12,1,1,1
0.03896103896103896,0.22077922077922077,43.42200799229569,False,0,13,0,0,1
0.06382978723404255,0.0851063829787234,76.31543298775914,False,0,21,1,3,3
0.024691358024691357,0.2222222222222222,60.77530151214173,False,0,12,1,0,1
0.057692307692307696,0.08974358974358974,68.01117423754295,False,0,18,1,1,1
0.03614457831325301,0.1686746987951807,47.74201410878639,False,0,12,0,1,1
0.06451612903225806,0.25806451612903225,46.42786657510362,False,0,10,1,1,0
0.06569343065693431,0.08759124087591241,65.99933131051192,False,0,17,1,2,3
0.055944055944055944,0.09090909090909091,66.55246255390351,False,1,21,1,1,2
0.015873015873015872,0.25396825396825395,57.08401987183407,False,0,13,0,1,1
0.03787878787878788,0.09090909090909091,69.09535027628183,False,0,22,2,3,2
0.0546875,0.1015625,70.65489853049952,True,0,17,2,2,3
0.04814814814814815,0.037037037037037035,80.73588280619397,False,1,36,4,7,3
0.06265664160401002,0.010025062656641603,97.45922119492273,True,1,65,4,9,8
0.06827309236947791,0.024096385542168676,90.44663313556336,False,1,23,4,3,4
0.03214285714285714,0.02857142857142857,83.16316760911029,False,1,27,2,4,5
0.025,0.175,42.92611453441924,False,0,12,1,0,1
0.044444444444444446,0.13333333333333333,52.66240240510253,False,0,5,1,1,0
0.05747126436781609,0.01532567049808429,96.534334192478,True,1,52,7,8,7
0.06766917293233082,0.09774436090225563,76.84568013815823,False,0,10,2,1,3
0.06204379562043796,0.029197080291970802,83.87759378221718,False,1,38,2,3,3
0.039473684210526314,0.09868421052631579,69.01357312067331,False,0,13,1,1,2
0.05504587155963303,0.13761467889908258,66.34217574473627,False,0,19,2,1,2
0.05970149253731343,0.23880597014925373,58.42282996593789,False,0,10,0,0,1
0.027777777777777776,0.25,64.13471759158574,False,0,6,0,1,1
0.01818181818181818,0.12727272727272726,54.63785106202699,False,0,14,1,0,1
0.02586206896551724,0.10344827586206896,50.474842132755775,False,0,13,1,0,1
0.0,0.16037735849056603,47.22073574799022,False,0,14,0,1,0
0.04964539007092199,0.07801418439716312,77.49832657057252,True,0,13,1,1,2
0.05555555555555555,0.2361111111111111,56.33579810435906,False,0,9,0,1,0
0.08490566037735849,0.14150943396226415,73.43216681762863,False,0,17,1,2,3
0.043668122270742356,0.039301310043668124,91.33180713987886,True,1,20,4,7,5
0.014285714285714285,0.17142857142857143,48.255308418153646,False,0,13,0,0,1
0.0,0.24050632911392406,64.30391273836875,False,0,14,1,1,1
0.0546875,0.1015625,65.29819863045921,False,1,17,1,1,2
0.033707865168539325,0.19101123595505617,53.13153366794847,False,0,12,0,0,0
0.08256880733944955,0.012232415902140673,91.56317221399237,True,1,57,7,9,6
0.021739130434782608,0.18478260869565216,60.73616599404161,False,0,9,0,1,1
0.06896551724137931,0.10344827586206896,70.27292062395321,False,1,11,1,1,3
0.047619047619047616,0.21428571428571427,43.334612338571,False,0,8,0,1,0
0.046153846153846156,0.038461538461538464,80.43202055854,False,0,32,3,6,5
0.01818181818181818,0.2909090909090909,52.75567067997987,False,0,10,0,1,1
0.07327586206896551,0.02586206896551724,80.14712172070965,False,1,29,4,3,5
0.061371841155234655,0.02888086642599278,81.60853702654285,False,1,36,2,4,5
0.0784313725490196,0.02287581699346405,91.3209840172874,True,1,65,7,11,7
0.11363636363636363,0.026515151515151516,95.86364141322953,True,0,38,4,7,5
0.05357142857142857,0.25,64.23930129591396,False,0,8,1,0,1
0.02702702702702703,0.07432432432432433,77.20014993567662,False,0,10,2,2,1
0.06696428571428571,0.026785714285714284,94.66211417450856,False,0,33,3,5,3
0.038461538461538464,0.03418803418803419,93.2187977291684,True,0,22,3,5,3
0.1,0.016129032258064516,95.21815701383255,True,1,56,5,10,7
0.038461538461538464,0.1076923076923077,70.24778551555495,True,0,13,2,2,3
0.06521739130434782,0.09420289855072464,79.21409743107358,True,0,17,1,3,2
0.058091286307053944,0.029045643153526972,86.38123241408775,True,0,31,2,5,5
0.07523510971786834,0.012539184952978056,90.81968777593491,True,1,45,7,6,8
0.047619047619047616,0.027210884353741496,92.5243139334896,False,0,32,4,7,5
0.04745762711864407,0.03728813559322034,88.07493993889734,True,0,39,4,5,5
0.06696428571428571,0.03125,90.34008233300125,False,1,31,3,5,5
0.011363636363636364,0.13636363636363635,41.82248181772868,False,0,14,1,0,0
0.07423580786026202,0.043668122270742356,86.41979258318887,False,0,32,4,7,5
0.0375,0.15,54.094457524603165,False,0,6,0,1,1
0.05789473684210526,0.042105263157894736,80.55190586445828,False,1,23,3,5,4
0.08695652173913043,0.019021739130434784,91.14114757186779,True,0,40,7,10,5
0.017543859649122806,0.3157894736842105,44.76125389018797,False,0,11,1,1,0
0.0712166172106825,0.017804154302670624,94.23524092301022,True,0,49,5,6,7
0.017543859649122806,0.14035087719298245,48.22082617202976,False,0,9,1,0,1
0.030612244897959183,0.1326530612244898,44.327875648221124,False,0,7,1,1,0
0.0603448275862069,0.04741379310344827,90.59794448454787,True,1,32,2,4,5
0.06030150753768844,0.03015075376884422,94.03482694114317,True,0,35,3,3,5
0.07017543859649122,0.03508771929824561,91.63278620785714,True,0,39,3,3,3
0.056910569105691054,0.10569105691056911,68.638092098987,False,0,23,2,1,2
0.047244094488188976,0.031496062992125984,81.83065343044719,False,0,31,3,3,3
0.0,0.16,60.692993694775204,False,0,7,1,1,0
0.10227272727272728,0.015151515151515152,96.33283513639688,True,0,46,5,9,6
0.07692307692307693,0.008241758241758242,91.70905289944274,True,1,59,5,8,6
0.0636604774535809,0.01856763925729443,94.00149553905845,True,1,53,5,10,5
0.01680672268907563,0.15126050420168066,49.30915745571507,False,0,9,0,1,1
0.06722689075630252,0.09243697478991597,79.99839000057574,False,0,23,1,1,2
0.07591623036649214,0.01832460732984293,90.35738551727468,True,1,58,6,6,8
0.05537459283387622,0.013029315960912053,99.14815975764981,True,1,66,4,9,5
0.059602649006622516,0.07947019867549669,71.07838674394002,False,1,23,1,1,1
0.06267806267806268,0.011396011396011397,96.16729935375406,True,1,53,6,10,8
0.015384615384615385,0.2923076923076923,41.24417991471439,False,0,7,0,0,0
0.05737704918032787,0.03278688524590164,89.45912707475914,True,1,37,2,6,4
0.04398826979472141,0.01466275659824047,99.0980432895019,True,1,45,6,8,5
0.03125,0.0875,77.39538815262506,False,0,16,2,1,2
0.025510204081632654,0.07142857142857142,74.1729739192216,False,1,18,1,1,1
0.06989247311827956,0.03763440860215054,87.87315827008374,True,1,23,4,3,4
0.07024793388429752,0.028925619834710745,86.639075446714,True,0,29,3,4,3
0.009523809523809525,0.12380952380952381,56.9951017739783,False,0,13,1,1,0
0.0335195530726257,0.07262569832402235,77.78533190581227,False,0,17,1,3,1
0.014925373134328358,0.23880597014925373,41.06177276221028,False,0,11,1,1,0
0.05102040816326531,0.05612244897959184,92.88965868849158,False,1,27,3,4,5
0.045454545454545456,0.06565656565656566,66.75129450737013,False,0,17,2,3,1
0.030303030303030304,0.2727272727272727,52.76424374038216,False,0,11,1,1,1
0.022988505747126436,0.07471264367816093,68.29466814576864,False,0,19,2,1,2
0.03571428571428571,0.19047619047619047,43.52072918577786,False,0,7,0,0,1
0.018633540372670808,0.062111801242236024,74.83923066257589,False,1,21,1,3,3
0.043478260869565216,0.07065217391304347,68.69355651809315,True,0,21,2,2,1
0.05732484076433121,0.07006369426751592,74.26788731093384,True,0,14,1,3,2
0.06976744186046512,0.10852713178294573,79.26032102209443,False,0,21,2,1,1
0.03260869565217391,0.1956521739130435,52.10632640575054,False,0,14,1,0,0
0.10037174721189591,0.01486988847583643,91.70249425961742,True,1,53,5,11,6
0.047244094488188976,0.10236220472440945,76.8759933949948,False,0,19,1,3,2
0.07777777777777778,0.03888888888888889,80.33375527889497,True,1,26,4,5,4
0.07281553398058252,0.03398058252427184,92.44100330298403,False,1,34,4,7,4
0.017857142857142856,0.30357142857142855,44.32328786598613,False,0,14,1,0,1
0.03626943005181347,0.05181347150259067,70.82446666922809,False,0,21,1,3,2
0.034722222222222224,0.09722222222222222,73.00403602288142,False,1,20,2,2,3
0.03125,0.0859375,74.1459702978488,False,0,18,2,2,3
0.09329446064139942,0.02040816326530612,91.25378884108187,True,1,41,5,10,9
0.014925373134328358,0.1791044776119403,54.84187685994755,False,0,9,0,1,1
0.07017543859649122,0.2982456140350877,63.80193324863588,False,0,12,0,1,0
0.01935483870967742,0.08387096774193549,71.59731106749867,True,0,19,1,1,1
0.0,0.125,40.43471857313585,False,0,8,1,1,0
0.07179487179487179,0.017948717948717947,90.65255189125006,True,1,44,5,11,8
0.07111111111111111,0.04,80.25340032607278,False,1,38,3,7,3
0.029239766081871343,0.06432748538011696,79.14433182103429,True,0,20,1,1,1
0.03409090909090909,0.07386363636363637,67.8197580811405,False,0,18,1,3,3
0.06785714285714285,0.017857142857142856,97.7937907830332,True,1,67,4,6,9
0.046153846153846156,0.26153846153846155,43.18128699459889,False,0,11,1,1,1
0.043478260869565216,0.09420289855072464,70.44104971958726,False,0,21,2,1,1
0.03529411764705882,0.15294117647058825,52.121786864928964,False,0,10,1,1,0
0.039473684210526314,0.03070175438596491,92.15602911288475,False,1,30,2,4,5
0.0,0.36538461538461536,46.159283328690684,False,0,9,1,1,0
0.041666666666666664,0.027777777777777776,88.90543968223784,False,1,28,4,5,4
0.05084745762711865,0.05649717514124294,77.63535181577573,False,0,14,2,1,2
0.0313588850174216,0.020905923344947737,84.74152372674237,True,0,26,4,3,5
0.08542713567839195,0.05527638190954774,92.28249348821177,False,0,34,2,4,5
0.0,0.16831683168316833,41.85141211242591,False,0,5,0,1,0
0.01639344262295082,0.21311475409836064,54.65551778818113,False,0,12,1,1,1
0.04,0.36,40.731552729183306,False,0,6,1,1,0
0.05426356589147287,0.10077519379844961,68.86351588474275,False,0,22,2,3,2
0.043478260869565216,0.021739130434782608,87.63738693814489,True,0,26,2,6,3
0.0,0.16666666666666666,49.65077622565548,False,0,10,1,0,0
0.0594059405940594,0.0231023102310231,93.66868394286229,True,1,49,4,5,8
0.05757575757575758,0.021212121212121213,94.18754497920214,True,1,38,5,11,9
0.07272727272727272,0.32727272727272727,60.288967268226486,False,0,6,0,1,1
0.05154639175257732,0.04639175257731959,82.37583891780487,True,1,39,2,3,5
0.041666666666666664,0.057291666666666664,73.38225852377482,False,0,15,2,1,3
0.02857142857142857,0.21428571428571427,61.04264413057369,False,0,13,0,1,0
0.08064516129032258,0.03225806451612903,94.08827742316528,True,0,25,2,7,5
0.03468208092485549,0.06358381502890173,70.94713143085082,False,1,22,2,2,3
0.04739336492890995,0.037914691943127965,90.06635261743878,True,1,23,4,5,4
0.01507537688442211,0.06030150753768844,75.60031562690816,False,0,24,1,1,3
0.014925373134328358,0.2537313432835821,62.02973092235773,False,0,14,1,1,1
0.017857142857142856,0.08333333333333333,75.16063020094518,True,0,10,1,3,2
0.07317073170731707,0.08130081300813008,71.22271954714735,False,0,10,1,2,1
0.047619047619047616,0.14285714285714285,51.71275124799561,False,0,11,0,1,0
0.03896103896103896,0.07792207792207792,66.25984252083738,True,0,11,2,3,3
0.05976095617529881,0.01593625498007968,91.09979235765417,True,1,62,4,6,6
0.08018867924528301,0.02830188679245283,85.47825432700978,False,0,31,2,4,4
0.012048192771084338,0.2289156626506024,49.823610984333996,False,0,13,0,1,1
0.031088082901554404,0.07772020725388601,73.32037629270911,False,0,24,2,2,3
0.064,0.112,67.05318299955886,True,1,14,1,3,2
0.020833333333333332,0.08333333333333333,77.18152592325832,False,0,21,2,3,1
0.011494252873563218,0.13793103448275862,51.7235710860204,False,0,6,0,1,0
0.04411764705882353,0.025735294117647058,80.857694817954,True,0,23,3,4,4
0.015463917525773196,0.06701030927835051,79.26367232221747,False,0,16,2,1,2
0.08571428571428572,0.01038961038961039,91.10334773825203,True,0,48,6,7,6
0.027874564459930314,0.03832752613240418,81.22114647540387,True,0,37,2,4,5
0.011111111111111112,0.13333333333333333,45.274232242792486,False,0,13,0,0,1
0.038461538461538464,0.15384615384615385,57.035176500960944,False,0,12,1,1,0
0.010638297872340425,0.14893617021276595,58.77559647846035,False,0,7,0,1,0
0.0364963503649635,0.072992700729927,66.62833036658972,True,0,16,1,2,3
0.037037037037037035,0.16666666666666666,41.978616706955236,False,0,12,0,0,0
0.05357142857142857,0.23214285714285715,45.25706981746788,False,0,11,0,0,0
0.05555555555555555,0.05555555555555555,88.40683020099074,False,1,22,3,7,5
0.049079754601226995,0.07975460122699386,71.5111459129538,False,0,22,2,1,1
0.07692307692307693,0.020710059171597635,95.35508388964497,True,1,48,6,6,8
0.057971014492753624,0.21739130434782608,50.1469917209306,False,0,13,1,0,1
0.027522935779816515,0.1743119266055046,48.721552419256824,False,0,7,1,0,0
0.039473684210526314,0.07894736842105263,66.55315357929176,False,0,18,2,2,3
0.08940397350993377,0.016556291390728478,97.84777108383408,True,1,39,5,8,5
0.019801980198019802,0.16831683168316833,44.91716085317154,False,0,5,0,0,0
0.08357348703170028,0.01440922190201729,98.00158236664797,True,1,54,5,8,9
0.018518518518518517,0.08024691358024691,67.73895696630649,False,0,12,1,2,2
0.04864864864864865,0.06486486486486487,68.49898852875565,True,0,11,2,3,3
0.014285714285714285,0.18571428571428572,49.38163677608599,False,0,5,0,1,1
0.06666666666666667,0.06111111111111111,94.61449593281948,False,0,20,4,5,4
0.047058823529411764,0.17647058823529413,64.07963473824725,False,0,13,1,1,1
0.02142857142857143,0.1,67.40548864857361,False,0,19,1,2,2
0.03076923076923077,0.27692307692307694,40.310402229235585,False,0,5,1,1,0
0.029850746268656716,0.041044776119402986,88.79165803847202,True,1,38,4,4,3
0.07547169811320754,0.09433962264150944,79.64346885051462,False,0,10,2,1,1
0.06274509803921569,0.011764705882352941,90.16346665236193,True,1,60,6,10,7
0.009259259259259259,0.1574074074074074,60.845232721821546,False,0,11,0,0,1
0.04040404040404041,0.007575757575757576,94.88643897098758,True,1,66,5,10,5
0.013888888888888888,0.16666666666666666,53.32850659026615,False,0,11,1,1,1
0.04,0.34,61.54142888742621,False,0,10,0,0,1
0.0353356890459364,0.024734982332155476,87.312913556075,False,1,24,3,4,5
0.036585365853658534,0.23170731707317074,57.82910671893352,False,0,13,0,0,1
0.04814814814814815,0.037037037037037035,82.24396484221337,True,1,34,2,6,3
0.02127659574468085,0.18085106382978725,55.57073092402949,False,0,5,0,1,0
0.04964539007092199,0.031914893617021274,86.55059878534239,True,0,26,2,3,4
0.0641399416909621,0.014577259475218658,91.51482113029958,True,1,52,6,10,7
0.05426356589147287,0.10077519379844961,73.47796281766627,False,0,13,2,2,2
0.04819277108433735,0.08433734939759036,78.01269864052381,False,0,20,1,3,1
0.05517241379310345,0.10344827586206896,75.40192368594751,True,0,11,2,2,3
0.017391304347826087,0.16521739130434782,45.948104056124585,False,0,5,1,1,1
0.011363636363636364,0.13636363636363635,40.54516982810989,False,0,14,1,0,1
0.0365296803652968,0.0410958904109589,91.84111928509084,True,1,20,4,3,5
0.057432432432432436,0.02364864864864865,89.7908515933351,True,1,25,3,6,5
0.04712041884816754,0.031413612565445025,89.21097477091098,True,1,28,3,6,4
0.0,0.3076923076923077,48.94192728264436,False,0,8,0,1,1
0.08411214953271028,0.1308411214953271,74.31419131063633,False,1,24,1,1,2
0.05517241379310345,0.07586206896551724,77.66500323799006,True,0,23,1,3,1
0.08605341246290801,0.008902077151335312,94.65173696656639,True,0,59,7,11,8
0.0,0.25862068965517243,49.09847208510107,False,0,6,1,1,0
0.03879310344827586,0.034482758620689655,92.8129466720834,True,1,30,3,4,4
0.018518518518518517,0.3148148148148148,47.49978676384278,False,0,8,1,1,0
0.07692307692307693,0.028846153846153848,83.6557569825129,False,1,32,3,3,5
0.08280254777070063,0.01592356687898089,92.95228249555464,True,1,47,4,9,8
0.0,0.30357142857142855,45.83135804556371,False,0,8,1,0,0
0.06451612903225806,0.02258064516129032,91.95872185079138,True,1,42,6,7,5
0.014925373134328358,0.1791044776119403,49.96231235682717,False,0,14,1,0,0
0.0,0.18823529411764706,49.91409291992702,False,0,5,1,1,0
0.04950495049504951,0.1485148514851485,65.05409654159692,False,0,20,1,1,1
0.031746031746031744,0.0873015873015873,77.0593867413642,False,0,11,2,2,3
0.056962025316455694,0.08227848101265822,75.76210413899616,False,0,22,1,2,2
0.023809523809523808,0.19047619047619047,64.99812067082941,False,0,7,0,0,1
0.01694915254237288,0.23728813559322035,61.050195295965224,False,0,8,0,0,0
0.04411764705882353,0.25,49.177856413340244,False,0,8,1,0,1
0.0979020979020979,0.02097902097902098,95.65385160099196,True,1,57,7,11,8
0.04285714285714286,0.07857142857142857,68.73529943160156,True,1,11,1,2,3
0.02702702702702703,0.16216216216216217,59.21892441328438,False,0,11,0,0,0
0.047619047619047616,0.03571428571428571,85.41054804359048,False,0,37,2,3,5
0.01818181818181818,0.06666666666666667,65.83086095031409,False,0,15,1,2,1
0.07317073170731707,0.0975609756097561,73.79964518668451,True,0,12,2,3,3
0.03361344537815126,0.11764705882352941,42.947657795507105,False,0,13,0,1,0
0.027777777777777776,0.06111111111111111,74.80313220059801,False,0,17,2,2,3
0.041666666666666664,0.1,66.09249093484983,True,0,11,2,3,1
0.09850746268656717,0.014925373134328358,99.37992066726866,True,0,62,6,10,8
0.05263157894736842,0.2807017543859649,58.9453007973029,False,0,14,0,1,0
0.03875968992248062,0.07751937984496124,66.06879027982048,True,0,24,1,1,3
0.02962962962962963,0.08148148148148149,70.38760381818135,False,0,11,2,3,1
0.010101010101010102,0.16161616161616163,50.091841440600696,False,0,14,0,1,1
0.061855670103092786,0.030927835051546393,81.43495379628263,False,1,27,4,5,5
0.12692307692307692,0.011538461538461539,98.84085696576462,True,1,40,5,11,7
0.06521739130434782,0.04891304347826087,85.56679536828098,False,1,28,3,5,4
0.056338028169014086,0.18309859154929578,57.06604503612652,False,0,14,1,0,0
0.03076923076923077,0.05128205128205128,76.8363522739462,False,0,16,1,2,3
0.018691588785046728,0.11214953271028037,45.51750999138918,False,0,12,1,0,1
0.08516483516483517,0.019230769230769232,94.93974988305266,True,1,68,7,11,8
0.06615776081424936,0.017811704834605598,93.44371390404534,True,1,67,5,10,6
0.025510204081632654,0.05612244897959184,68.0792053492955,False,0,21,1,2,3
0.03529411764705882,0.18823529411764706,44.547017453789685,False,0,8,0,0,1
0.03508771929824561,0.16666666666666666,60.06370758486449,False,0,5,0,0,0
0.07052896725440806,0.017632241813602016,93.23088747294553,True,0,37,4,10,7
0.07456140350877193,0.043859649122807015,87.41041239300303,False,0,21,3,5,4
0.0989010989010989,0.02197802197802198,94.94586251202645,True,1,48,5,5,8
0.009174311926605505,0.1651376146788991,61.86110970515399,False,0,10,0,0,1
0.06683804627249357,0.010282776349614395,96.82476379049318,True,1,54,7,5,7
0.03048780487804878,0.07926829268292683,70.22886725564875,False,0,24,1,2,1
0.09375,0.019886363636363636,92.76870516965157,True,1,64,4,8,5
0.013333333333333334,0.2,45.53174996564702,False,0,14,1,0,1
0.010309278350515464,0.18556701030927836,46.09134999034288,False,0,6,0,1,0
0.03728813559322034,0.020338983050847456,92.54464812523507,False,0,23,4,3,4
0.11224489795918367,0.02040816326530612,94.23857894169272,True,1,66,7,5,6
0.02702702702702703,0.21621621621621623,47.208535694867145,False,0,8,1,1,1
0.008771929824561403,0.10526315789473684,44.31601601950728,False,0,13,0,1,0
0.04316546762589928,0.03597122302158273,82.13160439748873,False,0,25,4,6,3
0.0425531914893617,0.028368794326241134,83.06103305718112,True,0,23,2,4,3
0.0273972602739726,0.07534246575342465,68.97959555180628,False,0,16,2,1,2
0.05063291139240506,0.06962025316455696,65.07818777715387,True,0,16,2,2,1
0.03488372093023256,0.19767441860465115,55.376186214232355,False,0,5,1,1,0
0.08709677419354839,0.02258064516129032,95.21788817137345,True,1,55,5,6,8
0.0625,0.011029411764705883,98.90312490948142,True,1,37,6,11,8
0.03954802259887006,0.07909604519774012,72.08997094047267,False,0,13,1,2,1
0.02127659574468085,0.07446808510638298,68.11828807879063,False,1,10,2,2,1
0.011363636363636364,0.2159090909090909,42.76107817352878,False,0,12,1,1,0
0.056768558951965066,0.048034934497816595,83.80203711864341,True,0,26,4,6,3
0.05017921146953405,0.025089605734767026,84.64482911570691,False,0,23,3,7,3
0.03125,0.21875,46.38757060597659,False,0,11,0,1,1
0.07373271889400922,0.03225806451612903,80.76769603502314,True,0,29,2,4,3
0.023391812865497075,0.06432748538011696,71.5330436512875,False,0,11,2,2,3
0.019417475728155338,0.14563106796116504,54.29747419150925,False,0,6,0,1,1
0.05714285714285714,0.008571428571428572,99.03347850366058,True,0,39,6,5,9
0.04285714285714286,0.03571428571428571,93.06521431090624,True,1,30,3,4,5
0.09497206703910614,0.013966480446927373,95.94253567199918,True,1,35,7,9,9
0.012345679012345678,0.1728395061728395,43.96353838979026,False,0,8,0,1,0
0.02857142857142857,0.11428571428571428,62.09754537400271,False,0,8,1,0,0
0.04054054054054054,0.16216216216216217,40.35216030407175,False,0,7,0,1,1
0.03592814371257485,0.059880239520958084,75.7688198508908,False,0,16,2,3,1
0.06963788300835655,0.011142061281337047,96.40891664837207,True,1,68,6,5,9
0.09446254071661238,0.013029315960912053,99.78034412094513,True,1,68,7,5,6
0.03867403314917127,0.06077348066298342,73.76759053974972,False,0,15,2,1,3
